Subject,Condition,ListNum,Jol,Recall,Direction,block
5,A,q1,70,100,F,1
5,A,q2,100,0,F,1
5,A,q3,100,0,F,1
5,A,q4,57,100,F,1
5,A,q5,90,0,F,1
5,A,q6,70,100,F,1
5,A,q7,0,0,F,1
5,A,q8,50,0,F,1
5,A,q9,50,0,F,1
5,A,q10,40,100,F,1
5,A,q11,40,100,F,1
5,A,q12,80,100,F,1
5,A,q13,30,0,F,1
5,A,q14,0,0,F,1
5,A,q15,100,100,F,1
5,A,q16,100,0,F,1
5,A,q17,100,100,F,1
5,A,q18,100,100,F,1
5,A,q19,100,100,F,1
5,A,q20,100,100,F,1
5,A,q21,80,0,B,1
5,A,q22,0,100,B,1
5,A,q23,50,0,B,1
5,A,q24,0,0,B,1
5,A,q25,70,0,B,1
5,A,q26,100,0,B,1
5,A,q27,20,100,B,1
5,A,q28,90,0,B,1
5,A,q29,100,0,B,1
5,A,q30,70,0,B,1
5,A,q31,0,100,B,1
5,A,q32,60,0,B,1
5,A,q33,6,0,B,1
5,A,q34,70,0,B,1
5,A,q35,100,0,B,1
5,A,q36,70,100,B,1
5,A,q37,100,100,B,1
5,A,q38,100,0,B,1
5,A,q39,50,100,B,1
5,A,q40,90,0,B,1
5,A,q41,70,0,S,1
5,A,q42,20,0,S,1
5,A,q43,70,100,S,1
5,A,q44,20,0,S,1
5,A,q45,100,100,S,1
5,A,q46,60,0,S,1
5,A,q47,20,100,S,1
5,A,q48,80,100,S,1
5,A,q49,50,100,S,1
5,A,q50,70,0,S,1
5,A,q51,90,100,S,1
5,A,q52,70,100,S,1
5,A,q53,100,100,S,1
5,A,q54,60,0,S,1
5,A,q55,100,0,S,1
5,A,q56,80,100,S,1
5,A,q57,9,0,S,1
5,A,q58,100,100,S,1
5,A,q59,70,100,S,1
5,A,q60,100,100,S,1
5,A,q61,10,0,U,1
5,A,q62,10,0,U,1
5,A,q63,30,0,U,1
5,A,q64,10,0,U,1
5,A,q65,10,0,U,1
5,A,q66,10,0,U,1
5,A,q67,10,0,U,1
5,A,q68,20,0,U,1
5,A,q69,10,0,U,1
5,A,q70,20,0,U,1
5,A,q71,20,0,U,1
5,A,q72,10,0,U,1
5,A,q73,10,0,U,1
5,A,q74,10,0,U,1
5,A,q75,20,0,U,1
5,A,q76,10,0,U,1
5,A,q77,10,0,U,1
5,A,q78,10,0,U,1
5,A,q79,10,0,U,1
5,A,q80,10,0,U,1
5,A,q81,80,100,F,2
5,A,q82,10,100,F,2
5,A,q83,70,100,F,2
5,A,q84,70,100,F,2
5,A,q85,70,100,F,2
5,A,q86,100,100,F,2
5,A,q87,0,100,F,2
5,A,q88,100,100,F,2
5,A,q89,100,100,F,2
5,A,q90,70,0,F,2
5,A,q91,100,100,F,2
5,A,q92,70,0,F,2
5,A,q93,80,100,F,2
5,A,q94,100,100,F,2
5,A,q95,90,100,F,2
5,A,q96,100,0,F,2
5,A,q97,100,100,F,2
5,A,q98,60,100,F,2
5,A,q99,50,0,F,2
5,A,q100,70,100,F,2
5,A,q101,70,100,B,2
5,A,q102,70,100,B,2
5,A,q103,90,0,B,2
5,A,q104,60,100,B,2
5,A,q105,60,100,B,2
5,A,q106,50,100,B,2
5,A,q107,70,0,B,2
5,A,q108,60,100,B,2
5,A,q109,50,100,B,2
5,A,q110,60,0,B,2
5,A,q111,100,100,B,2
5,A,q112,80,100,B,2
5,A,q113,100,0,B,2
5,A,q114,90,0,B,2
5,A,q115,100,0,B,2
5,A,q116,90,100,B,2
5,A,q117,90,0,B,2
5,A,q118,90,0,B,2
5,A,q119,100,100,B,2
5,A,q120,80,0,B,2
5,A,q121,90,100,S,2
5,A,q122,90,100,S,2
5,A,q123,100,100,S,2
5,A,q124,100,100,S,2
5,A,q125,70,100,S,2
5,A,q126,60,100,S,2
5,A,q127,50,100,S,2
5,A,q128,100,0,S,2
5,A,q129,90,100,S,2
5,A,q130,90,100,S,2
5,A,q131,90,0,S,2
5,A,q132,50,100,S,2
5,A,q133,0,100,S,2
5,A,q134,90,0,S,2
5,A,q135,90,100,S,2
5,A,q136,70,100,S,2
5,A,q137,60,100,S,2
5,A,q138,90,100,S,2
5,A,q139,90,100,S,2
5,A,q140,90,100,S,2
5,A,q141,10,0,U,2
5,A,q142,20,0,U,2
5,A,q143,10,0,U,2
5,A,q144,10,0,U,2
5,A,q145,10,0,U,2
5,A,q146,10,0,U,2
5,A,q147,50,100,U,2
5,A,q148,10,0,U,2
5,A,q149,10,0,U,2
5,A,q150,10,0,U,2
5,A,q151,10,0,U,2
5,A,q152,10,0,U,2
5,A,q153,10,100,U,2
5,A,q154,30,0,U,2
5,A,q155,10,0,U,2
5,A,q156,10,0,U,2
5,A,q157,30,0,U,2
5,A,q158,10,100,U,2
5,A,q159,10,0,U,2
5,A,q160,10,0,U,2
13,A,q1,79,100,F,1
13,A,q2,80,100,F,1
13,A,q3,90,100,F,1
13,A,q4,90,100,F,1
13,A,q5,75,0,F,1
13,A,q6,89,100,F,1
13,A,q7,90,0,F,1
13,A,q8,40,100,F,1
13,A,q9,78,100,F,1
13,A,q10,80,100,F,1
13,A,q11,78,100,F,1
13,A,q12,60,100,F,1
13,A,q13,7,100,F,1
13,A,q14,87,100,F,1
13,A,q15,98,100,F,1
13,A,q16,88,0,F,1
13,A,q17,98,100,F,1
13,A,q18,99,100,F,1
13,A,q19,87,100,F,1
13,A,q20,90,100,F,1
13,A,q21,30,0,B,1
13,A,q22,99,0,B,1
13,A,q23,90,100,B,1
13,A,q24,40,0,B,1
13,A,q25,70,100,B,1
13,A,q26,50,100,B,1
13,A,q27,60,100,B,1
13,A,q28,70,100,B,1
13,A,q29,98,0,B,1
13,A,q30,90,0,B,1
13,A,q31,37,100,B,1
13,A,q32,100,0,B,1
13,A,q33,70,0,B,1
13,A,q34,80,0,B,1
13,A,q35,86,0,B,1
13,A,q36,89,0,B,1
13,A,q37,90,100,B,1
13,A,q38,90,100,B,1
13,A,q39,90,100,B,1
13,A,q40,80,0,B,1
13,A,q41,70,0,S,1
13,A,q42,70,0,S,1
13,A,q43,30,0,S,1
13,A,q44,70,0,S,1
13,A,q45,97,0,S,1
13,A,q46,34,100,S,1
13,A,q47,60,100,S,1
13,A,q48,66,100,S,1
13,A,q49,79,100,S,1
13,A,q50,90,100,S,1
13,A,q51,80,0,S,1
13,A,q52,90,100,S,1
13,A,q53,90,100,S,1
13,A,q54,89,0,S,1
13,A,q55,95,0,S,1
13,A,q56,90,0,S,1
13,A,q57,90,100,S,1
13,A,q58,90,100,S,1
13,A,q59,83,100,S,1
13,A,q60,90,100,S,1
13,A,q61,43,0,U,1
13,A,q62,64,0,U,1
13,A,q63,20,100,U,1
13,A,q64,35,100,U,1
13,A,q65,51,0,U,1
13,A,q66,20,0,U,1
13,A,q67,54,0,U,1
13,A,q68,34,0,U,1
13,A,q69,68,100,U,1
13,A,q70,57,100,U,1
13,A,q71,30,0,U,1
13,A,q72,20,0,U,1
13,A,q73,21,0,U,1
13,A,q74,40,0,U,1
13,A,q75,20,0,U,1
13,A,q76,20,0,U,1
13,A,q77,10,0,U,1
13,A,q78,30,0,U,1
13,A,q79,76,0,U,1
13,A,q80,56,0,U,1
13,A,q81,56,100,F,2
13,A,q82,40,0,F,2
13,A,q83,67,0,F,2
13,A,q84,67,100,F,2
13,A,q85,56,0,F,2
13,A,q86,45,100,F,2
13,A,q87,40,100,F,2
13,A,q88,90,100,F,2
13,A,q89,70,100,F,2
13,A,q90,80,100,F,2
13,A,q91,78,0,F,2
13,A,q92,56,0,F,2
13,A,q93,90,100,F,2
13,A,q94,34,0,F,2
13,A,q95,90,100,F,2
13,A,q96,67,100,F,2
13,A,q97,90,100,F,2
13,A,q98,60,0,F,2
13,A,q99,70,100,F,2
13,A,q100,90,100,F,2
13,A,q101,54,0,B,2
13,A,q102,30,0,B,2
13,A,q103,34,0,B,2
13,A,q104,86,100,B,2
13,A,q105,70,0,B,2
13,A,q106,56,100,B,2
13,A,q107,78,0,B,2
13,A,q108,50,0,B,2
13,A,q109,34,100,B,2
13,A,q110,45,0,B,2
13,A,q111,78,0,B,2
13,A,q112,76,100,B,2
13,A,q113,90,100,B,2
13,A,q114,65,100,B,2
13,A,q115,67,100,B,2
13,A,q116,67,100,B,2
13,A,q117,70,0,B,2
13,A,q118,70,0,B,2
13,A,q119,80,100,B,2
13,A,q120,60,0,B,2
13,A,q121,70,100,S,2
13,A,q122,87,0,S,2
13,A,q123,50,0,S,2
13,A,q124,90,100,S,2
13,A,q125,67,0,S,2
13,A,q126,67,100,S,2
13,A,q127,6,0,S,2
13,A,q128,87,0,S,2
13,A,q129,65,0,S,2
13,A,q130,78,100,S,2
13,A,q131,95,100,S,2
13,A,q132,80,0,S,2
13,A,q133,70,0,S,2
13,A,q134,45,100,S,2
13,A,q135,78,0,S,2
13,A,q136,90,100,S,2
13,A,q137,60,0,S,2
13,A,q138,98,0,S,2
13,A,q139,70,100,S,2
13,A,q140,100,100,S,2
13,A,q141,50,0,U,2
13,A,q142,56,100,U,2
13,A,q143,60,100,U,2
13,A,q144,78,0,U,2
13,A,q145,50,0,U,2
13,A,q146,18,0,U,2
13,A,q147,56,100,U,2
13,A,q148,56,0,U,2
13,A,q149,12,0,U,2
13,A,q150,87,0,U,2
13,A,q151,57,0,U,2
13,A,q152,10,0,U,2
13,A,q153,56,0,U,2
13,A,q154,56,0,U,2
13,A,q155,23,0,U,2
13,A,q156,9,0,U,2
13,A,q157,56,0,U,2
13,A,q158,20,100,U,2
13,A,q159,34,0,U,2
13,A,q160,30,0,U,2
17,A,q1,90,100,F,1
17,A,q2,80,100,F,1
17,A,q3,20,100,F,1
17,A,q4,15,0,F,1
17,A,q5,25,0,F,1
17,A,q6,90,100,F,1
17,A,q7,20,0,F,1
17,A,q8,25,100,F,1
17,A,q9,80,100,F,1
17,A,q10,40,100,F,1
17,A,q11,80,0,F,1
17,A,q12,60,100,F,1
17,A,q13,10,100,F,1
17,A,q14,90,100,F,1
17,A,q15,80,100,F,1
17,A,q16,40,0,F,1
17,A,q17,70,100,F,1
17,A,q18,100,100,F,1
17,A,q19,10,100,F,1
17,A,q20,90,100,F,1
17,A,q21,15,100,B,1
17,A,q22,75,0,B,1
17,A,q23,90,0,B,1
17,A,q24,0,0,B,1
17,A,q25,50,0,B,1
17,A,q26,80,100,B,1
17,A,q27,30,0,B,1
17,A,q28,75,0,B,1
17,A,q29,15,0,B,1
17,A,q30,50,0,B,1
17,A,q31,40,100,B,1
17,A,q32,90,0,B,1
17,A,q33,80,0,B,1
17,A,q34,80,0,B,1
17,A,q35,90,0,B,1
17,A,q36,50,0,B,1
17,A,q37,70,0,B,1
17,A,q38,10,0,B,1
17,A,q39,55,100,B,1
17,A,q40,80,0,B,1
17,A,q41,80,0,S,1
17,A,q42,20,0,S,1
17,A,q43,10,0,S,1
17,A,q44,80,0,S,1
17,A,q45,60,100,S,1
17,A,q46,50,100,S,1
17,A,q47,90,100,S,1
17,A,q48,60,100,S,1
17,A,q49,100,100,S,1
17,A,q50,40,0,S,1
17,A,q51,70,100,S,1
17,A,q52,50,100,S,1
17,A,q53,95,100,S,1
17,A,q54,60,0,S,1
17,A,q55,60,0,S,1
17,A,q56,80,0,S,1
17,A,q57,80,100,S,1
17,A,q58,90,100,S,1
17,A,q59,90,0,S,1
17,A,q60,60,100,S,1
17,A,q61,10,0,U,1
17,A,q62,5,0,U,1
17,A,q63,5,0,U,1
17,A,q64,5,0,U,1
17,A,q65,10,0,U,1
17,A,q66,5,0,U,1
17,A,q67,10,0,U,1
17,A,q68,5,0,U,1
17,A,q69,0,0,U,1
17,A,q70,10,0,U,1
17,A,q71,5,0,U,1
17,A,q72,20,0,U,1
17,A,q73,10,0,U,1
17,A,q74,10,0,U,1
17,A,q75,5,0,U,1
17,A,q76,5,0,U,1
17,A,q77,0,0,U,1
17,A,q78,5,0,U,1
17,A,q79,10,0,U,1
17,A,q80,5,0,U,1
17,A,q81,25,0,F,2
17,A,q82,25,0,F,2
17,A,q83,30,100,F,2
17,A,q84,25,0,F,2
17,A,q85,45,100,F,2
17,A,q86,0,0,F,2
17,A,q87,50,0,F,2
17,A,q88,30,0,F,2
17,A,q89,25,0,F,2
17,A,q90,45,0,F,2
17,A,q91,50,100,F,2
17,A,q92,50,0,F,2
17,A,q93,40,100,F,2
17,A,q94,45,100,F,2
17,A,q95,30,100,F,2
17,A,q96,45,0,F,2
17,A,q97,5,0,F,2
17,A,q98,40,100,F,2
17,A,q99,30,100,F,2
17,A,q100,50,100,F,2
17,A,q101,50,0,B,2
17,A,q102,40,100,B,2
17,A,q103,50,0,B,2
17,A,q104,30,100,B,2
17,A,q105,40,0,B,2
17,A,q106,45,100,B,2
17,A,q107,20,0,B,2
17,A,q108,5,0,B,2
17,A,q109,30,100,B,2
17,A,q110,45,0,B,2
17,A,q111,35,100,B,2
17,A,q112,45,0,B,2
17,A,q113,50,0,B,2
17,A,q114,30,100,B,2
17,A,q115,30,0,B,2
17,A,q116,40,100,B,2
17,A,q117,30,0,B,2
17,A,q118,35,100,B,2
17,A,q119,45,0,B,2
17,A,q120,45,0,B,2
17,A,q121,50,100,S,2
17,A,q122,45,100,S,2
17,A,q123,50,100,S,2
17,A,q124,40,100,S,2
17,A,q125,35,0,S,2
17,A,q126,20,100,S,2
17,A,q127,30,100,S,2
17,A,q128,40,100,S,2
17,A,q129,30,100,S,2
17,A,q130,50,0,S,2
17,A,q131,45,100,S,2
17,A,q132,30,100,S,2
17,A,q133,50,100,S,2
17,A,q134,40,0,S,2
17,A,q135,25,0,S,2
17,A,q136,50,100,S,2
17,A,q137,50,100,S,2
17,A,q138,5,100,S,2
17,A,q139,45,0,S,2
17,A,q140,45,0,S,2
17,A,q141,20,0,U,2
17,A,q142,21,0,U,2
17,A,q143,21,0,U,2
17,A,q144,10,0,U,2
17,A,q145,12,0,U,2
17,A,q146,50,100,U,2
17,A,q147,30,0,U,2
17,A,q148,5,0,U,2
17,A,q149,10,0,U,2
17,A,q150,10,0,U,2
17,A,q151,10,0,U,2
17,A,q152,23,0,U,2
17,A,q153,20,100,U,2
17,A,q154,10,0,U,2
17,A,q155,10,0,U,2
17,A,q156,0,0,U,2
17,A,q157,0,100,U,2
17,A,q158,10,0,U,2
17,A,q159,10,0,U,2
17,A,q160,10,0,U,2
21,A,q1,89,0,F,1
21,A,q2,60,100,F,1
21,A,q3,57,0,F,1
21,A,q4,22,100,F,1
21,A,q5,40,0,F,1
21,A,q6,99,0,F,1
21,A,q7,90,0,F,1
21,A,q8,79,0,F,1
21,A,q9,88,100,F,1
21,A,q10,89,100,F,1
21,A,q11,90,100,F,1
21,A,q12,88,0,F,1
21,A,q13,80,100,F,1
21,A,q14,20,0,F,1
21,A,q15,100,0,F,1
21,A,q16,70,0,F,1
21,A,q17,60,100,F,1
21,A,q18,100,100,F,1
21,A,q19,60,0,F,1
21,A,q20,100,100,F,1
21,A,q21,96,0,B,1
21,A,q22,80,0,B,1
21,A,q23,88,0,B,1
21,A,q24,0,0,B,1
21,A,q25,90,0,B,1
21,A,q26,80,0,B,1
21,A,q27,90,100,B,1
21,A,q28,96,100,B,1
21,A,q29,90,100,B,1
21,A,q30,90,100,B,1
21,A,q31,40,0,B,1
21,A,q32,90,0,B,1
21,A,q33,90,0,B,1
21,A,q34,50,0,B,1
21,A,q35,55,0,B,1
21,A,q36,98,0,B,1
21,A,q37,60,0,B,1
21,A,q38,99,0,B,1
21,A,q39,89,100,B,1
21,A,q40,60,100,B,1
21,A,q41,75,0,S,1
21,A,q42,20,0,S,1
21,A,q43,50,0,S,1
21,A,q44,60,0,S,1
21,A,q45,90,100,S,1
21,A,q46,79,0,S,1
21,A,q47,45,0,S,1
21,A,q48,87,0,S,1
21,A,q49,100,100,S,1
21,A,q50,70,100,S,1
21,A,q51,88,100,S,1
21,A,q52,87,0,S,1
21,A,q53,85,100,S,1
21,A,q54,0,100,S,1
21,A,q55,88,0,S,1
21,A,q56,100,0,S,1
21,A,q57,88,100,S,1
21,A,q58,99,100,S,1
21,A,q59,90,0,S,1
21,A,q60,80,100,S,1
21,A,q61,0,0,U,1
21,A,q62,10,0,U,1
21,A,q63,77,0,U,1
21,A,q64,79,0,U,1
21,A,q65,20,0,U,1
21,A,q66,20,0,U,1
21,A,q67,30,0,U,1
21,A,q68,22,0,U,1
21,A,q69,22,0,U,1
21,A,q70,88,0,U,1
21,A,q71,77,0,U,1
21,A,q72,90,0,U,1
21,A,q73,70,0,U,1
21,A,q74,30,0,U,1
21,A,q75,30,0,U,1
21,A,q76,50,0,U,1
21,A,q77,30,0,U,1
21,A,q78,30,0,U,1
21,A,q79,80,0,U,1
21,A,q80,10,0,U,1
21,A,q81,23,0,F,2
21,A,q82,96,0,F,2
21,A,q83,55,100,F,2
21,A,q84,95,0,F,2
21,A,q85,80,0,F,2
21,A,q86,70,100,F,2
21,A,q87,65,0,F,2
21,A,q88,60,0,F,2
21,A,q89,90,0,F,2
21,A,q90,88,100,F,2
21,A,q91,90,0,F,2
21,A,q92,95,100,F,2
21,A,q93,90,0,F,2
21,A,q94,70,100,F,2
21,A,q95,11,0,F,2
21,A,q96,90,0,F,2
21,A,q97,70,100,F,2
21,A,q98,55,100,F,2
21,A,q99,90,100,F,2
21,A,q100,66,100,F,2
21,A,q101,70,100,B,2
21,A,q102,90,0,B,2
21,A,q103,99,0,B,2
21,A,q104,65,100,B,2
21,A,q105,99,100,B,2
21,A,q106,80,100,B,2
21,A,q107,90,0,B,2
21,A,q108,80,0,B,2
21,A,q109,80,0,B,2
21,A,q110,70,0,B,2
21,A,q111,95,0,B,2
21,A,q112,80,0,B,2
21,A,q113,90,0,B,2
21,A,q114,90,0,B,2
21,A,q115,60,0,B,2
21,A,q116,90,0,B,2
21,A,q117,90,0,B,2
21,A,q118,99,100,B,2
21,A,q119,90,0,B,2
21,A,q120,45,0,B,2
21,A,q121,90,0,S,2
21,A,q122,80,0,S,2
21,A,q123,90,100,S,2
21,A,q124,88,0,S,2
21,A,q125,90,100,S,2
21,A,q126,70,0,S,2
21,A,q127,99,100,S,2
21,A,q128,90,0,S,2
21,A,q129,70,0,S,2
21,A,q130,99,100,S,2
21,A,q131,99,100,S,2
21,A,q132,75,0,S,2
21,A,q133,88,100,S,2
21,A,q134,77,0,S,2
21,A,q135,31,100,S,2
21,A,q136,85,0,S,2
21,A,q137,86,100,S,2
21,A,q138,22,100,S,2
21,A,q139,66,0,S,2
21,A,q140,0,0,S,2
21,A,q141,1,0,U,2
21,A,q142,22,0,U,2
21,A,q143,35,0,U,2
21,A,q144,55,0,U,2
21,A,q145,12,0,U,2
21,A,q146,80,0,U,2
21,A,q147,20,0,U,2
21,A,q148,1,0,U,2
21,A,q149,60,0,U,2
21,A,q150,88,0,U,2
21,A,q151,9,0,U,2
21,A,q152,65,0,U,2
21,A,q153,33,0,U,2
21,A,q154,88,0,U,2
21,A,q155,70,0,U,2
21,A,q156,31,0,U,2
21,A,q157,80,0,U,2
21,A,q158,85,0,U,2
21,A,q159,90,0,U,2
21,A,q160,55,0,U,2
25,A,q1,25,100,F,1
25,A,q2,30,100,F,1
25,A,q3,40,0,F,1
25,A,q4,40,0,F,1
25,A,q5,40,0,F,1
25,A,q6,45,0,F,1
25,A,q7,40,0,F,1
25,A,q8,25,0,F,1
25,A,q9,30,100,F,1
25,A,q10,30,100,F,1
25,A,q11,40,100,F,1
25,A,q12,50,100,F,1
25,A,q13,30,100,F,1
25,A,q14,40,100,F,1
25,A,q15,60,100,F,1
25,A,q16,30,0,F,1
25,A,q17,30,100,F,1
25,A,q18,75,100,F,1
25,A,q19,40,100,F,1
25,A,q20,50,100,F,1
25,A,q21,30,0,B,1
25,A,q22,50,0,B,1
25,A,q23,50,0,B,1
25,A,q24,30,0,B,1
25,A,q25,30,0,B,1
25,A,q26,50,100,B,1
25,A,q27,30,100,B,1
25,A,q28,30,0,B,1
25,A,q29,50,0,B,1
25,A,q30,40,0,B,1
25,A,q31,50,100,B,1
25,A,q32,50,0,B,1
25,A,q33,30,0,B,1
25,A,q34,30,0,B,1
25,A,q35,30,0,B,1
25,A,q36,50,0,B,1
25,A,q37,30,0,B,1
25,A,q38,30,0,B,1
25,A,q39,30,0,B,1
25,A,q40,40,0,B,1
25,A,q41,50,100,S,1
25,A,q42,40,0,S,1
25,A,q43,40,0,S,1
25,A,q44,40,0,S,1
25,A,q45,40,0,S,1
25,A,q46,20,0,S,1
25,A,q47,40,100,S,1
25,A,q48,45,100,S,1
25,A,q49,50,100,S,1
25,A,q50,50,100,S,1
25,A,q51,50,0,S,1
25,A,q52,30,0,S,1
25,A,q53,40,100,S,1
25,A,q54,40,100,S,1
25,A,q55,30,0,S,1
25,A,q56,60,0,S,1
25,A,q57,40,0,S,1
25,A,q58,40,100,S,1
25,A,q59,40,0,S,1
25,A,q60,30,100,S,1
25,A,q61,20,0,U,1
25,A,q62,10,0,U,1
25,A,q63,20,0,U,1
25,A,q64,30,100,U,1
25,A,q65,30,0,U,1
25,A,q66,20,0,U,1
25,A,q67,30,0,U,1
25,A,q68,25,0,U,1
25,A,q69,40,0,U,1
25,A,q70,5,0,U,1
25,A,q71,30,0,U,1
25,A,q72,20,0,U,1
25,A,q73,20,0,U,1
25,A,q74,20,0,U,1
25,A,q75,40,0,U,1
25,A,q76,30,0,U,1
25,A,q77,30,0,U,1
25,A,q78,30,0,U,1
25,A,q79,45,0,U,1
25,A,q80,30,0,U,1
25,A,q81,20,100,F,2
25,A,q82,40,100,F,2
25,A,q83,45,100,F,2
25,A,q84,20,0,F,2
25,A,q85,45,100,F,2
25,A,q86,45,0,F,2
25,A,q87,20,100,F,2
25,A,q88,40,100,F,2
25,A,q89,50,100,F,2
25,A,q90,30,0,F,2
25,A,q91,50,100,F,2
25,A,q92,0,100,F,2
25,A,q93,40,100,F,2
25,A,q94,45,100,F,2
25,A,q95,30,100,F,2
25,A,q96,30,100,F,2
25,A,q97,10,100,F,2
25,A,q98,45,100,F,2
25,A,q99,50,100,F,2
25,A,q100,40,100,F,2
25,A,q101,10,100,B,2
25,A,q102,20,0,B,2
25,A,q103,45,100,B,2
25,A,q104,25,100,B,2
25,A,q105,50,100,B,2
25,A,q106,25,100,B,2
25,A,q107,20,0,B,2
25,A,q108,45,100,B,2
25,A,q109,45,100,B,2
25,A,q110,25,100,B,2
25,A,q111,23,0,B,2
25,A,q112,20,0,B,2
25,A,q113,30,0,B,2
25,A,q114,50,100,B,2
25,A,q115,25,0,B,2
25,A,q116,40,100,B,2
25,A,q117,50,0,B,2
25,A,q118,40,100,B,2
25,A,q119,50,100,B,2
25,A,q120,45,100,B,2
25,A,q121,50,100,S,2
25,A,q122,45,100,S,2
25,A,q123,45,100,S,2
25,A,q124,30,0,S,2
25,A,q125,45,100,S,2
25,A,q126,30,100,S,2
25,A,q127,50,0,S,2
25,A,q128,50,100,S,2
25,A,q129,45,0,S,2
25,A,q130,50,100,S,2
25,A,q131,45,0,S,2
25,A,q132,30,0,S,2
25,A,q133,40,0,S,2
25,A,q134,30,0,S,2
25,A,q135,24,0,S,2
25,A,q136,20,0,S,2
25,A,q137,50,100,S,2
25,A,q138,20,100,S,2
25,A,q139,50,100,S,2
25,A,q140,30,0,S,2
25,A,q141,20,0,U,2
25,A,q142,35,0,U,2
25,A,q143,10,0,U,2
25,A,q144,10,0,U,2
25,A,q145,12,0,U,2
25,A,q146,10,0,U,2
25,A,q147,25,0,U,2
25,A,q148,10,0,U,2
25,A,q149,25,0,U,2
25,A,q150,20,0,U,2
25,A,q151,25,0,U,2
25,A,q152,20,0,U,2
25,A,q153,10,0,U,2
25,A,q154,20,0,U,2
25,A,q155,20,0,U,2
25,A,q156,10,100,U,2
25,A,q157,10,0,U,2
25,A,q158,20,100,U,2
25,A,q159,0,0,U,2
25,A,q160,10,0,U,2
29,A,q1,100,100,F,1
29,A,q2,100,100,F,1
29,A,q3,100,0,F,1
29,A,q4,75,0,F,1
29,A,q5,100,100,F,1
29,A,q6,85,0,F,1
29,A,q7,75,100,F,1
29,A,q8,100,0,F,1
29,A,q9,100,0,F,1
29,A,q10,100,100,F,1
29,A,q11,70,0,F,1
29,A,q12,100,100,F,1
29,A,q13,100,100,F,1
29,A,q14,20,100,F,1
29,A,q15,75,100,F,1
29,A,q16,100,0,F,1
29,A,q17,55,0,F,1
29,A,q18,75,100,F,1
29,A,q19,80,100,F,1
29,A,q20,100,100,F,1
29,A,q21,100,0,B,1
29,A,q22,100,0,B,1
29,A,q23,70,0,B,1
29,A,q24,45,0,B,1
29,A,q25,95,0,B,1
29,A,q26,85,100,B,1
29,A,q27,50,0,B,1
29,A,q28,80,0,B,1
29,A,q29,100,0,B,1
29,A,q30,100,100,B,1
29,A,q31,100,100,B,1
29,A,q32,100,100,B,1
29,A,q33,80,0,B,1
29,A,q34,100,0,B,1
29,A,q35,100,100,B,1
29,A,q36,100,0,B,1
29,A,q37,100,100,B,1
29,A,q38,100,0,B,1
29,A,q39,96,100,B,1
29,A,q40,100,0,B,1
29,A,q41,70,100,S,1
29,A,q42,100,100,S,1
29,A,q43,100,0,S,1
29,A,q44,100,0,S,1
29,A,q45,100,0,S,1
29,A,q46,85,100,S,1
29,A,q47,60,100,S,1
29,A,q48,100,100,S,1
29,A,q49,100,100,S,1
29,A,q50,100,0,S,1
29,A,q51,100,100,S,1
29,A,q52,70,100,S,1
29,A,q53,100,100,S,1
29,A,q54,100,100,S,1
29,A,q55,100,0,S,1
29,A,q56,100,0,S,1
29,A,q57,100,100,S,1
29,A,q58,100,100,S,1
29,A,q59,100,0,S,1
29,A,q60,100,100,S,1
29,A,q61,20,0,U,1
29,A,q62,45,0,U,1
29,A,q63,20,0,U,1
29,A,q64,0,0,U,1
29,A,q65,30,0,U,1
29,A,q66,20,0,U,1
29,A,q67,25,0,U,1
29,A,q68,45,0,U,1
29,A,q69,25,0,U,1
29,A,q70,20,0,U,1
29,A,q71,45,0,U,1
29,A,q72,35,0,U,1
29,A,q73,35,0,U,1
29,A,q74,60,0,U,1
29,A,q75,35,0,U,1
29,A,q76,60,0,U,1
29,A,q77,25,0,U,1
29,A,q78,40,0,U,1
29,A,q79,35,0,U,1
29,A,q80,30,0,U,1
29,A,q81,100,100,F,2
29,A,q82,0,0,F,2
29,A,q83,65,100,F,2
29,A,q84,80,100,F,2
29,A,q85,100,0,F,2
29,A,q86,90,100,F,2
29,A,q87,100,100,F,2
29,A,q88,100,0,F,2
29,A,q89,100,100,F,2
29,A,q90,100,100,F,2
29,A,q91,100,0,F,2
29,A,q92,95,100,F,2
29,A,q93,100,0,F,2
29,A,q94,100,100,F,2
29,A,q95,100,100,F,2
29,A,q96,100,100,F,2
29,A,q97,100,100,F,2
29,A,q98,100,100,F,2
29,A,q99,100,100,F,2
29,A,q100,100,100,F,2
29,A,q101,100,100,B,2
29,A,q102,85,0,B,2
29,A,q103,100,0,B,2
29,A,q104,0,0,B,2
29,A,q105,100,100,B,2
29,A,q106,50,0,B,2
29,A,q107,95,100,B,2
29,A,q108,100,0,B,2
29,A,q109,100,100,B,2
29,A,q110,100,0,B,2
29,A,q111,20,0,B,2
29,A,q112,100,100,B,2
29,A,q113,100,100,B,2
29,A,q114,70,0,B,2
29,A,q115,100,100,B,2
29,A,q116,100,0,B,2
29,A,q117,85,0,B,2
29,A,q118,100,100,B,2
29,A,q119,100,100,B,2
29,A,q120,100,0,B,2
29,A,q121,100,0,S,2
29,A,q122,100,100,S,2
29,A,q123,100,100,S,2
29,A,q124,100,100,S,2
29,A,q125,100,100,S,2
29,A,q126,75,100,S,2
29,A,q127,100,0,S,2
29,A,q128,80,100,S,2
29,A,q129,75,100,S,2
29,A,q130,100,100,S,2
29,A,q131,100,100,S,2
29,A,q132,100,100,S,2
29,A,q133,100,0,S,2
29,A,q134,100,100,S,2
29,A,q135,20,0,S,2
29,A,q136,100,100,S,2
29,A,q137,100,100,S,2
29,A,q138,100,0,S,2
29,A,q139,100,0,S,2
29,A,q140,100,100,S,2
29,A,q141,0,0,U,2
29,A,q142,60,0,U,2
29,A,q143,0,0,U,2
29,A,q144,20,0,U,2
29,A,q145,20,0,U,2
29,A,q146,0,0,U,2
29,A,q147,40,0,U,2
29,A,q148,30,0,U,2
29,A,q149,45,0,U,2
29,A,q150,0,0,U,2
29,A,q151,50,0,U,2
29,A,q152,20,0,U,2
29,A,q153,30,0,U,2
29,A,q154,0,0,U,2
29,A,q155,45,0,U,2
29,A,q156,30,0,U,2
29,A,q157,0,0,U,2
29,A,q158,20,100,U,2
29,A,q159,30,0,U,2
29,A,q160,30,0,U,2
33,A,q1,80,100,F,1
33,A,q2,70,100,F,1
33,A,q3,85,100,F,1
33,A,q4,40,100,F,1
33,A,q5,85,0,F,1
33,A,q6,99,100,F,1
33,A,q7,47,0,F,1
33,A,q8,70,0,F,1
33,A,q9,75,100,F,1
33,A,q10,90,100,F,1
33,A,q11,50,100,F,1
33,A,q12,90,100,F,1
33,A,q13,65,100,F,1
33,A,q14,10,0,F,1
33,A,q15,70,100,F,1
33,A,q16,80,0,F,1
33,A,q17,60,100,F,1
33,A,q18,100,100,F,1
33,A,q19,75,0,F,1
33,A,q20,40,100,F,1
33,A,q21,30,100,B,1
33,A,q22,60,0,B,1
33,A,q23,75,100,B,1
33,A,q24,15,0,B,1
33,A,q25,36,0,B,1
33,A,q26,100,100,B,1
33,A,q27,50,100,B,1
33,A,q28,68,0,B,1
33,A,q29,50,100,B,1
33,A,q30,60,100,B,1
33,A,q31,35,0,B,1
33,A,q32,90,0,B,1
33,A,q33,60,100,B,1
33,A,q34,60,0,B,1
33,A,q35,27,0,B,1
33,A,q36,75,0,B,1
33,A,q37,80,100,B,1
33,A,q38,70,0,B,1
33,A,q39,70,100,B,1
33,A,q40,99,0,B,1
33,A,q41,50,0,S,1
33,A,q42,100,0,S,1
33,A,q43,65,0,S,1
33,A,q44,0,0,S,1
33,A,q45,86,0,S,1
33,A,q46,45,100,S,1
33,A,q47,100,100,S,1
33,A,q48,8,100,S,1
33,A,q49,90,100,S,1
33,A,q50,90,100,S,1
33,A,q51,100,100,S,1
33,A,q52,40,0,S,1
33,A,q53,99,100,S,1
33,A,q54,60,100,S,1
33,A,q55,100,0,S,1
33,A,q56,98,0,S,1
33,A,q57,85,100,S,1
33,A,q58,100,100,S,1
33,A,q59,100,100,S,1
33,A,q60,70,100,S,1
33,A,q61,15,0,U,1
33,A,q62,20,0,U,1
33,A,q63,20,100,U,1
33,A,q64,40,100,U,1
33,A,q65,7,0,U,1
33,A,q66,30,0,U,1
33,A,q67,27,0,U,1
33,A,q68,70,0,U,1
33,A,q69,10,0,U,1
33,A,q70,26,0,U,1
33,A,q71,20,0,U,1
33,A,q72,20,100,U,1
33,A,q73,7,0,U,1
33,A,q74,20,0,U,1
33,A,q75,46,0,U,1
33,A,q76,20,0,U,1
33,A,q77,10,0,U,1
33,A,q78,15,0,U,1
33,A,q79,35,0,U,1
33,A,q80,23,0,U,1
33,A,q81,60,100,F,2
33,A,q82,80,100,F,2
33,A,q83,39,100,F,2
33,A,q84,79,0,F,2
33,A,q85,88,0,F,2
33,A,q86,20,0,F,2
33,A,q87,0,100,F,2
33,A,q88,60,100,F,2
33,A,q89,99,100,F,2
33,A,q90,80,100,F,2
33,A,q91,80,0,F,2
33,A,q92,50,100,F,2
33,A,q93,20,100,F,2
33,A,q94,99,100,F,2
33,A,q95,40,100,F,2
33,A,q96,80,0,F,2
33,A,q97,20,0,F,2
33,A,q98,70,100,F,2
33,A,q99,70,100,F,2
33,A,q100,98,100,F,2
33,A,q101,50,0,B,2
33,A,q102,99,0,B,2
33,A,q103,50,0,B,2
33,A,q104,40,100,B,2
33,A,q105,0,0,B,2
33,A,q106,10,0,B,2
33,A,q107,60,0,B,2
33,A,q108,0,0,B,2
33,A,q109,98,100,B,2
33,A,q110,80,100,B,2
33,A,q111,50,100,B,2
33,A,q112,80,100,B,2
33,A,q113,70,100,B,2
33,A,q114,70,0,B,2
33,A,q115,98,0,B,2
33,A,q116,99,0,B,2
33,A,q117,0,0,B,2
33,A,q118,98,0,B,2
33,A,q119,80,100,B,2
33,A,q120,80,0,B,2
33,A,q121,80,100,S,2
33,A,q122,80,100,S,2
33,A,q123,98,100,S,2
33,A,q124,60,100,S,2
33,A,q125,98,0,S,2
33,A,q126,30,0,S,2
33,A,q127,98,0,S,2
33,A,q128,80,100,S,2
33,A,q129,80,0,S,2
33,A,q130,80,100,S,2
33,A,q131,99,100,S,2
33,A,q132,60,100,S,2
33,A,q133,60,0,S,2
33,A,q134,0,0,S,2
33,A,q135,33,0,S,2
33,A,q136,88,100,S,2
33,A,q137,0,100,S,2
33,A,q138,70,100,S,2
33,A,q139,60,100,S,2
33,A,q140,70,100,S,2
33,A,q141,0,0,U,2
33,A,q142,70,100,U,2
33,A,q143,20,0,U,2
33,A,q144,20,100,U,2
33,A,q145,22,0,U,2
33,A,q146,33,0,U,2
33,A,q147,30,100,U,2
33,A,q148,22,0,U,2
33,A,q149,80,0,U,2
33,A,q150,20,0,U,2
33,A,q151,80,100,U,2
33,A,q152,20,0,U,2
33,A,q153,20,0,U,2
33,A,q154,50,0,U,2
33,A,q155,30,0,U,2
33,A,q156,20,0,U,2
33,A,q157,80,100,U,2
33,A,q158,50,100,U,2
33,A,q159,10,0,U,2
33,A,q160,30,0,U,2
2,B,q1,70,100,F,1
2,B,q2,40,100,F,1
2,B,q3,90,100,F,1
2,B,q4,8,100,F,1
2,B,q5,100,100,F,1
2,B,q6,20,100,F,1
2,B,q7,89,100,F,1
2,B,q8,60,100,F,1
2,B,q9,100,100,F,1
2,B,q10,60,100,F,1
2,B,q11,80,100,F,1
2,B,q12,80,100,F,1
2,B,q13,60,100,F,1
2,B,q14,45,100,F,1
2,B,q15,50,100,F,1
2,B,q16,56,100,F,1
2,B,q17,100,100,F,1
2,B,q18,60,100,F,1
2,B,q19,90,100,F,1
2,B,q20,76,100,F,1
2,B,q21,30,0,B,1
2,B,q22,90,100,B,1
2,B,q23,56,0,B,1
2,B,q24,78,0,B,1
2,B,q25,45,100,B,1
2,B,q26,23,100,B,1
2,B,q27,47,0,B,1
2,B,q28,80,100,B,1
2,B,q29,89,100,B,1
2,B,q30,50,0,B,1
2,B,q31,80,0,B,1
2,B,q32,80,100,B,1
2,B,q33,79,100,B,1
2,B,q34,76,100,B,1
2,B,q35,79,100,B,1
2,B,q36,60,0,B,1
2,B,q37,67,100,B,1
2,B,q38,85,100,B,1
2,B,q39,95,100,B,1
2,B,q40,67,0,B,1
2,B,q41,79,100,S,1
2,B,q42,60,0,S,1
2,B,q43,100,100,S,1
2,B,q44,81,100,S,1
2,B,q45,90,100,S,1
2,B,q46,80,100,S,1
2,B,q47,55,0,S,1
2,B,q48,90,100,S,1
2,B,q49,30,100,S,1
2,B,q50,98,100,S,1
2,B,q51,80,100,S,1
2,B,q52,100,100,S,1
2,B,q53,100,100,S,1
2,B,q54,100,100,S,1
2,B,q55,95,100,S,1
2,B,q56,100,100,S,1
2,B,q57,90,100,S,1
2,B,q58,30,100,S,1
2,B,q59,67,0,S,1
2,B,q60,10,100,S,1
2,B,q61,15,100,U,1
2,B,q62,10,0,U,1
2,B,q63,40,0,U,1
2,B,q64,5,0,U,1
2,B,q65,20,0,U,1
2,B,q66,0,0,U,1
2,B,q67,30,100,U,1
2,B,q68,15,0,U,1
2,B,q69,0,0,U,1
2,B,q70,20,100,U,1
2,B,q71,10,0,U,1
2,B,q72,9,0,U,1
2,B,q73,5,0,U,1
2,B,q74,9,0,U,1
2,B,q75,12,0,U,1
2,B,q76,20,0,U,1
2,B,q77,34,100,U,1
2,B,q78,20,100,U,1
2,B,q79,1,0,U,1
2,B,q80,10,0,U,1
2,B,q81,52,100,F,2
2,B,q82,60,100,F,2
2,B,q83,45,100,F,2
2,B,q84,72,0,F,2
2,B,q85,78,100,F,2
2,B,q86,75,100,F,2
2,B,q87,22,100,F,2
2,B,q88,94,100,F,2
2,B,q89,20,100,F,2
2,B,q90,10,100,F,2
2,B,q91,78,0,F,2
2,B,q92,79,100,F,2
2,B,q93,50,100,F,2
2,B,q94,12,100,F,2
2,B,q95,56,100,F,2
2,B,q96,51,0,F,2
2,B,q97,80,100,F,2
2,B,q98,80,100,F,2
2,B,q99,30,100,F,2
2,B,q100,100,100,F,2
2,B,q101,55,0,B,2
2,B,q102,70,0,B,2
2,B,q103,95,100,B,2
2,B,q104,83,0,B,2
2,B,q105,67,100,B,2
2,B,q106,50,100,B,2
2,B,q107,90,100,B,2
2,B,q108,80,100,B,2
2,B,q109,45,0,B,2
2,B,q110,50,0,B,2
2,B,q111,5,0,B,2
2,B,q112,79,0,B,2
2,B,q113,90,100,B,2
2,B,q114,30,100,B,2
2,B,q115,70,0,B,2
2,B,q116,60,0,B,2
2,B,q117,60,100,B,2
2,B,q118,79,0,B,2
2,B,q119,60,100,B,2
2,B,q120,78,100,B,2
2,B,q121,80,100,S,2
2,B,q122,40,0,S,2
2,B,q123,30,0,S,2
2,B,q124,60,0,S,2
2,B,q125,30,100,S,2
2,B,q126,56,0,S,2
2,B,q127,70,100,S,2
2,B,q128,23,100,S,2
2,B,q129,90,100,S,2
2,B,q130,80,0,S,2
2,B,q131,70,100,S,2
2,B,q132,56,100,S,2
2,B,q133,70,100,S,2
2,B,q134,80,100,S,2
2,B,q135,90,100,S,2
2,B,q136,77,100,S,2
2,B,q137,93,0,S,2
2,B,q138,99,100,S,2
2,B,q139,79,0,S,2
2,B,q140,90,100,S,2
2,B,q141,0,0,U,2
2,B,q142,45,0,U,2
2,B,q143,34,0,U,2
2,B,q144,10,0,U,2
2,B,q145,39,0,U,2
2,B,q146,10,0,U,2
2,B,q147,20,0,U,2
2,B,q148,10,0,U,2
2,B,q149,5,100,U,2
2,B,q150,45,0,U,2
2,B,q151,13,0,U,2
2,B,q152,67,0,U,2
2,B,q153,0,0,U,2
2,B,q154,49,100,U,2
2,B,q155,30,0,U,2
2,B,q156,27,0,U,2
2,B,q157,15,0,U,2
2,B,q158,10,0,U,2
2,B,q159,10,0,U,2
2,B,q160,40,0,U,2
6,B,q1,90,100,F,1
6,B,q2,75,100,F,1
6,B,q3,65,100,F,1
6,B,q4,100,0,F,1
6,B,q5,60,0,F,1
6,B,q6,50,100,F,1
6,B,q7,65,100,F,1
6,B,q8,75,100,F,1
6,B,q9,90,100,F,1
6,B,q10,50,100,F,1
6,B,q11,75,100,F,1
6,B,q12,90,100,F,1
6,B,q13,100,100,F,1
6,B,q14,70,100,F,1
6,B,q15,50,100,F,1
6,B,q16,55,0,F,1
6,B,q17,50,100,F,1
6,B,q18,95,100,F,1
6,B,q19,80,100,F,1
6,B,q20,65,100,F,1
6,B,q21,85,0,B,1
6,B,q22,90,100,B,1
6,B,q23,80,0,B,1
6,B,q24,75,0,B,1
6,B,q25,95,0,B,1
6,B,q26,10,0,B,1
6,B,q27,65,0,B,1
6,B,q28,45,100,B,1
6,B,q29,75,100,B,1
6,B,q30,95,100,B,1
6,B,q31,40,0,B,1
6,B,q32,100,0,B,1
6,B,q33,75,0,B,1
6,B,q34,65,100,B,1
6,B,q35,20,0,B,1
6,B,q36,100,100,B,1
6,B,q37,55,0,B,1
6,B,q38,100,0,B,1
6,B,q39,90,100,B,1
6,B,q40,100,0,B,1
6,B,q41,95,0,S,1
6,B,q42,80,0,S,1
6,B,q43,100,100,S,1
6,B,q44,90,0,S,1
6,B,q45,95,100,S,1
6,B,q46,90,100,S,1
6,B,q47,75,100,S,1
6,B,q48,80,0,S,1
6,B,q49,50,100,S,1
6,B,q50,80,100,S,1
6,B,q51,80,100,S,1
6,B,q52,90,0,S,1
6,B,q53,100,100,S,1
6,B,q54,80,0,S,1
6,B,q55,100,100,S,1
6,B,q56,90,100,S,1
6,B,q57,90,100,S,1
6,B,q58,85,100,S,1
6,B,q59,80,0,S,1
6,B,q60,90,0,S,1
6,B,q61,25,0,U,1
6,B,q62,30,0,U,1
6,B,q63,20,0,U,1
6,B,q64,60,0,U,1
6,B,q65,30,0,U,1
6,B,q66,10,0,U,1
6,B,q67,30,100,U,1
6,B,q68,25,0,U,1
6,B,q69,25,0,U,1
6,B,q70,10,0,U,1
6,B,q71,35,0,U,1
6,B,q72,10,0,U,1
6,B,q73,10,0,U,1
6,B,q74,10,0,U,1
6,B,q75,80,100,U,1
6,B,q76,10,0,U,1
6,B,q77,45,100,U,1
6,B,q78,45,100,U,1
6,B,q79,10,0,U,1
6,B,q80,30,0,U,1
6,B,q81,60,0,F,2
6,B,q82,80,100,F,2
6,B,q83,60,100,F,2
6,B,q84,10,0,F,2
6,B,q85,30,0,F,2
6,B,q86,50,0,F,2
6,B,q87,50,0,F,2
6,B,q88,75,0,F,2
6,B,q89,60,100,F,2
6,B,q90,80,100,F,2
6,B,q91,55,100,F,2
6,B,q92,70,0,F,2
6,B,q93,30,100,F,2
6,B,q94,19,0,F,2
6,B,q95,100,100,F,2
6,B,q96,70,100,F,2
6,B,q97,60,100,F,2
6,B,q98,100,100,F,2
6,B,q99,50,100,F,2
6,B,q100,80,100,F,2
6,B,q101,70,0,B,2
6,B,q102,85,0,B,2
6,B,q103,90,100,B,2
6,B,q104,35,0,B,2
6,B,q105,50,0,B,2
6,B,q106,85,100,B,2
6,B,q107,30,0,B,2
6,B,q108,90,0,B,2
6,B,q109,90,100,B,2
6,B,q110,85,0,B,2
6,B,q111,30,0,B,2
6,B,q112,65,0,B,2
6,B,q113,50,0,B,2
6,B,q114,25,0,B,2
6,B,q115,65,100,B,2
6,B,q116,50,0,B,2
6,B,q117,45,0,B,2
6,B,q118,50,0,B,2
6,B,q119,100,100,B,2
6,B,q120,80,0,B,2
6,B,q121,78,100,S,2
6,B,q122,90,100,S,2
6,B,q123,90,0,S,2
6,B,q124,70,0,S,2
6,B,q125,90,100,S,2
6,B,q126,65,100,S,2
6,B,q127,70,100,S,2
6,B,q128,85,100,S,2
6,B,q129,90,100,S,2
6,B,q130,35,100,S,2
6,B,q131,100,100,S,2
6,B,q132,10,0,S,2
6,B,q133,75,100,S,2
6,B,q134,85,0,S,2
6,B,q135,90,0,S,2
6,B,q136,90,0,S,2
6,B,q137,90,0,S,2
6,B,q138,80,100,S,2
6,B,q139,75,100,S,2
6,B,q140,100,100,S,2
6,B,q141,30,0,U,2
6,B,q142,10,0,U,2
6,B,q143,40,0,U,2
6,B,q144,20,0,U,2
6,B,q145,30,0,U,2
6,B,q146,30,0,U,2
6,B,q147,10,0,U,2
6,B,q148,10,0,U,2
6,B,q149,10,0,U,2
6,B,q150,40,0,U,2
6,B,q151,40,100,U,2
6,B,q152,45,0,U,2
6,B,q153,10,0,U,2
6,B,q154,15,0,U,2
6,B,q155,30,0,U,2
6,B,q156,20,0,U,2
6,B,q157,10,0,U,2
6,B,q158,15,0,U,2
6,B,q159,20,0,U,2
6,B,q160,10,0,U,2
10,B,q1,100,0,F,1
10,B,q2,68,0,F,1
10,B,q3,100,100,F,1
10,B,q4,100,0,F,1
10,B,q5,100,0,F,1
10,B,q6,20,0,F,1
10,B,q7,87,0,F,1
10,B,q8,100,0,F,1
10,B,q9,100,100,F,1
10,B,q10,100,0,F,1
10,B,q11,100,0,F,1
10,B,q12,100,100,F,1
10,B,q13,98,100,F,1
10,B,q14,100,0,F,1
10,B,q15,100,100,F,1
10,B,q16,100,0,F,1
10,B,q17,100,0,F,1
10,B,q18,75,100,F,1
10,B,q19,100,100,F,1
10,B,q20,100,100,F,1
10,B,q21,100,100,B,1
10,B,q22,95,0,B,1
10,B,q23,100,0,B,1
10,B,q24,89,0,B,1
10,B,q25,100,0,B,1
10,B,q26,30,0,B,1
10,B,q27,40,0,B,1
10,B,q28,80,0,B,1
10,B,q29,100,0,B,1
10,B,q30,70,0,B,1
10,B,q31,90,0,B,1
10,B,q32,100,0,B,1
10,B,q33,90,0,B,1
10,B,q34,80,0,B,1
10,B,q35,91,0,B,1
10,B,q36,100,100,B,1
10,B,q37,100,0,B,1
10,B,q38,100,0,B,1
10,B,q39,100,0,B,1
10,B,q40,100,0,B,1
10,B,q41,100,0,S,1
10,B,q42,50,100,S,1
10,B,q43,100,100,S,1
10,B,q44,100,0,S,1
10,B,q45,100,0,S,1
10,B,q46,76,100,S,1
10,B,q47,100,0,S,1
10,B,q48,100,100,S,1
10,B,q49,78,0,S,1
10,B,q50,100,100,S,1
10,B,q51,100,100,S,1
10,B,q52,100,0,S,1
10,B,q53,100,100,S,1
10,B,q54,100,0,S,1
10,B,q55,79,0,S,1
10,B,q56,88,100,S,1
10,B,q57,100,0,S,1
10,B,q58,70,0,S,1
10,B,q59,50,0,S,1
10,B,q60,100,100,S,1
10,B,q61,40,0,U,1
10,B,q62,100,0,U,1
10,B,q63,20,0,U,1
10,B,q64,0,0,U,1
10,B,q65,0,0,U,1
10,B,q66,34,0,U,1
10,B,q67,0,0,U,1
10,B,q68,23,0,U,1
10,B,q69,0,0,U,1
10,B,q70,0,0,U,1
10,B,q71,0,0,U,1
10,B,q72,0,0,U,1
10,B,q73,30,0,U,1
10,B,q74,0,0,U,1
10,B,q75,100,0,U,1
10,B,q76,0,0,U,1
10,B,q77,70,100,U,1
10,B,q78,0,0,U,1
10,B,q79,0,0,U,1
10,B,q80,10,0,U,1
10,B,q81,22,100,F,2
10,B,q82,100,0,F,2
10,B,q83,0,0,F,2
10,B,q84,90,0,F,2
10,B,q85,100,0,F,2
10,B,q86,100,0,F,2
10,B,q87,5,0,F,2
10,B,q88,79,100,F,2
10,B,q89,100,100,F,2
10,B,q90,100,100,F,2
10,B,q91,80,0,F,2
10,B,q92,100,100,F,2
10,B,q93,80,100,F,2
10,B,q94,95,0,F,2
10,B,q95,90,100,F,2
10,B,q96,100,0,F,2
10,B,q97,8,100,F,2
10,B,q98,100,100,F,2
10,B,q99,50,0,F,2
10,B,q100,100,100,F,2
10,B,q101,60,0,B,2
10,B,q102,100,0,B,2
10,B,q103,100,0,B,2
10,B,q104,80,0,B,2
10,B,q105,76,100,B,2
10,B,q106,100,0,B,2
10,B,q107,100,0,B,2
10,B,q108,100,0,B,2
10,B,q109,100,100,B,2
10,B,q110,100,0,B,2
10,B,q111,100,0,B,2
10,B,q112,90,0,B,2
10,B,q113,100,0,B,2
10,B,q114,99,0,B,2
10,B,q115,10,0,B,2
10,B,q116,100,0,B,2
10,B,q117,30,0,B,2
10,B,q118,100,0,B,2
10,B,q119,100,0,B,2
10,B,q120,88,0,B,2
10,B,q121,100,0,S,2
10,B,q122,100,0,S,2
10,B,q123,90,0,S,2
10,B,q124,70,100,S,2
10,B,q125,10,0,S,2
10,B,q126,100,100,S,2
10,B,q127,100,100,S,2
10,B,q128,100,100,S,2
10,B,q129,100,100,S,2
10,B,q130,80,100,S,2
10,B,q131,100,0,S,2
10,B,q132,60,100,S,2
10,B,q133,90,0,S,2
10,B,q134,100,0,S,2
10,B,q135,100,0,S,2
10,B,q136,100,100,S,2
10,B,q137,100,0,S,2
10,B,q138,80,0,S,2
10,B,q139,100,0,S,2
10,B,q140,100,100,S,2
10,B,q141,0,0,U,2
10,B,q142,11,0,U,2
10,B,q143,0,0,U,2
10,B,q144,1,0,U,2
10,B,q145,0,0,U,2
10,B,q146,0,0,U,2
10,B,q147,0,0,U,2
10,B,q148,0,0,U,2
10,B,q149,1,0,U,2
10,B,q150,60,0,U,2
10,B,q151,20,0,U,2
10,B,q152,10,0,U,2
10,B,q153,0,0,U,2
10,B,q154,0,0,U,2
10,B,q155,60,0,U,2
10,B,q156,0,0,U,2
10,B,q157,10,0,U,2
10,B,q158,0,0,U,2
10,B,q159,20,0,U,2
10,B,q160,0,0,U,2
14,B,q1,55,100,F,1
14,B,q2,45,100,F,1
14,B,q3,40,100,F,1
14,B,q4,65,100,F,1
14,B,q5,100,100,F,1
14,B,q6,75,0,F,1
14,B,q7,80,100,F,1
14,B,q8,90,0,F,1
14,B,q9,100,100,F,1
14,B,q10,80,100,F,1
14,B,q11,95,100,F,1
14,B,q12,80,100,F,1
14,B,q13,75,100,F,1
14,B,q14,50,100,F,1
14,B,q15,45,100,F,1
14,B,q16,65,0,F,1
14,B,q17,75,100,F,1
14,B,q18,45,0,F,1
14,B,q19,56,100,F,1
14,B,q20,100,100,F,1
14,B,q21,45,100,B,1
14,B,q22,80,0,B,1
14,B,q23,50,0,B,1
14,B,q24,45,100,B,1
14,B,q25,80,0,B,1
14,B,q26,50,100,B,1
14,B,q27,50,100,B,1
14,B,q28,80,0,B,1
14,B,q29,80,100,B,1
14,B,q30,50,100,B,1
14,B,q31,80,0,B,1
14,B,q32,50,100,B,1
14,B,q33,76,100,B,1
14,B,q34,45,100,B,1
14,B,q35,20,0,B,1
14,B,q36,50,100,B,1
14,B,q37,56,100,B,1
14,B,q38,70,0,B,1
14,B,q39,60,0,B,1
14,B,q40,50,0,B,1
14,B,q41,65,100,S,1
14,B,q42,50,100,S,1
14,B,q43,25,100,S,1
14,B,q44,35,100,S,1
14,B,q45,66,100,S,1
14,B,q46,30,0,S,1
14,B,q47,85,0,S,1
14,B,q48,100,100,S,1
14,B,q49,35,0,S,1
14,B,q50,80,100,S,1
14,B,q51,85,100,S,1
14,B,q52,65,100,S,1
14,B,q53,100,100,S,1
14,B,q54,5,100,S,1
14,B,q55,60,0,S,1
14,B,q56,50,100,S,1
14,B,q57,85,100,S,1
14,B,q58,100,0,S,1
14,B,q59,50,100,S,1
14,B,q60,60,0,S,1
14,B,q61,45,0,U,1
14,B,q62,35,0,U,1
14,B,q63,25,0,U,1
14,B,q64,25,0,U,1
14,B,q65,10,0,U,1
14,B,q66,45,0,U,1
14,B,q67,45,0,U,1
14,B,q68,50,0,U,1
14,B,q69,35,100,U,1
14,B,q70,50,0,U,1
14,B,q71,40,0,U,1
14,B,q72,45,0,U,1
14,B,q73,10,100,U,1
14,B,q74,35,0,U,1
14,B,q75,5,100,U,1
14,B,q76,25,100,U,1
14,B,q77,55,0,U,1
14,B,q78,25,0,U,1
14,B,q79,45,0,U,1
14,B,q80,25,0,U,1
14,B,q81,65,100,F,2
14,B,q82,45,0,F,2
14,B,q83,79,100,F,2
14,B,q84,65,0,F,2
14,B,q85,75,0,F,2
14,B,q86,65,100,F,2
14,B,q87,85,100,F,2
14,B,q88,50,100,F,2
14,B,q89,65,100,F,2
14,B,q90,100,100,F,2
14,B,q91,75,0,F,2
14,B,q92,56,100,F,2
14,B,q93,100,100,F,2
14,B,q94,100,100,F,2
14,B,q95,69,100,F,2
14,B,q96,86,100,F,2
14,B,q97,75,100,F,2
14,B,q98,100,100,F,2
14,B,q99,45,100,F,2
14,B,q100,65,100,F,2
14,B,q101,100,100,B,2
14,B,q102,50,100,B,2
14,B,q103,76,0,B,2
14,B,q104,76,0,B,2
14,B,q105,70,100,B,2
14,B,q106,90,0,B,2
14,B,q107,75,0,B,2
14,B,q108,60,100,B,2
14,B,q109,75,0,B,2
14,B,q110,65,0,B,2
14,B,q111,75,100,B,2
14,B,q112,65,0,B,2
14,B,q113,86,0,B,2
14,B,q114,56,0,B,2
14,B,q115,45,0,B,2
14,B,q116,65,100,B,2
14,B,q117,45,0,B,2
14,B,q118,56,0,B,2
14,B,q119,80,0,B,2
14,B,q120,60,100,B,2
14,B,q121,80,100,S,2
14,B,q122,90,100,S,2
14,B,q123,9,0,S,2
14,B,q124,65,100,S,2
14,B,q125,86,0,S,2
14,B,q126,75,100,S,2
14,B,q127,80,0,S,2
14,B,q128,45,100,S,2
14,B,q129,100,100,S,2
14,B,q130,65,100,S,2
14,B,q131,90,100,S,2
14,B,q132,75,100,S,2
14,B,q133,75,100,S,2
14,B,q134,90,100,S,2
14,B,q135,65,100,S,2
14,B,q136,90,100,S,2
14,B,q137,96,0,S,2
14,B,q138,85,0,S,2
14,B,q139,0,100,S,2
14,B,q140,90,100,S,2
14,B,q141,95,0,U,2
14,B,q142,55,0,U,2
14,B,q143,50,0,U,2
14,B,q144,86,0,U,2
14,B,q145,50,0,U,2
14,B,q146,60,0,U,2
14,B,q147,65,0,U,2
14,B,q148,90,0,U,2
14,B,q149,45,100,U,2
14,B,q150,65,0,U,2
14,B,q151,65,0,U,2
14,B,q152,0,0,U,2
14,B,q153,50,0,U,2
14,B,q154,75,0,U,2
14,B,q155,75,0,U,2
14,B,q156,67,0,U,2
14,B,q157,50,0,U,2
14,B,q158,65,0,U,2
14,B,q159,50,0,U,2
14,B,q160,45,0,U,2
18,B,q1,100,100,F,1
18,B,q2,50,0,F,1
18,B,q3,100,100,F,1
18,B,q4,100,100,F,1
18,B,q5,100,0,F,1
18,B,q6,30,0,F,1
18,B,q7,100,0,F,1
18,B,q8,100,0,F,1
18,B,q9,90,100,F,1
18,B,q10,100,100,F,1
18,B,q11,100,100,F,1
18,B,q12,90,100,F,1
18,B,q13,90,0,F,1
18,B,q14,100,100,F,1
18,B,q15,90,0,F,1
18,B,q16,90,0,F,1
18,B,q17,20,0,F,1
18,B,q18,100,0,F,1
18,B,q19,100,100,F,1
18,B,q20,100,100,F,1
18,B,q21,100,0,B,1
18,B,q22,100,100,B,1
18,B,q23,100,0,B,1
18,B,q24,100,0,B,1
18,B,q25,100,0,B,1
18,B,q26,0,0,B,1
18,B,q27,100,100,B,1
18,B,q28,90,100,B,1
18,B,q29,100,0,B,1
18,B,q30,100,100,B,1
18,B,q31,70,100,B,1
18,B,q32,90,100,B,1
18,B,q33,100,100,B,1
18,B,q34,100,100,B,1
18,B,q35,85,0,B,1
18,B,q36,90,100,B,1
18,B,q37,90,0,B,1
18,B,q38,100,100,B,1
18,B,q39,100,0,B,1
18,B,q40,100,100,B,1
18,B,q41,100,100,S,1
18,B,q42,100,100,S,1
18,B,q43,0,0,S,1
18,B,q44,100,100,S,1
18,B,q45,100,100,S,1
18,B,q46,23,0,S,1
18,B,q47,100,100,S,1
18,B,q48,100,100,S,1
18,B,q49,80,100,S,1
18,B,q50,100,100,S,1
18,B,q51,100,100,S,1
18,B,q52,100,100,S,1
18,B,q53,100,100,S,1
18,B,q54,100,0,S,1
18,B,q55,5,0,S,1
18,B,q56,100,100,S,1
18,B,q57,100,0,S,1
18,B,q58,10,0,S,1
18,B,q59,95,100,S,1
18,B,q60,90,0,S,1
18,B,q61,0,0,U,1
18,B,q62,0,0,U,1
18,B,q63,0,0,U,1
18,B,q64,0,0,U,1
18,B,q65,23,0,U,1
18,B,q66,0,0,U,1
18,B,q67,5,0,U,1
18,B,q68,1,0,U,1
18,B,q69,0,0,U,1
18,B,q70,0,0,U,1
18,B,q71,1,0,U,1
18,B,q72,0,0,U,1
18,B,q73,0,0,U,1
18,B,q74,0,0,U,1
18,B,q75,5,100,U,1
18,B,q76,2,0,U,1
18,B,q77,5,100,U,1
18,B,q78,0,0,U,1
18,B,q79,0,0,U,1
18,B,q80,4,0,U,1
18,B,q81,0,0,F,2
18,B,q82,100,100,F,2
18,B,q83,0,0,F,2
18,B,q84,0,0,F,2
18,B,q85,40,0,F,2
18,B,q86,5,100,F,2
18,B,q87,10,100,F,2
18,B,q88,40,100,F,2
18,B,q89,100,0,F,2
18,B,q90,100,100,F,2
18,B,q91,40,0,F,2
18,B,q92,100,100,F,2
18,B,q93,100,100,F,2
18,B,q94,10,100,F,2
18,B,q95,100,0,F,2
18,B,q96,100,100,F,2
18,B,q97,0,100,F,2
18,B,q98,100,100,F,2
18,B,q99,100,0,F,2
18,B,q100,100,100,F,2
18,B,q101,100,100,B,2
18,B,q102,40,100,B,2
18,B,q103,20,100,B,2
18,B,q104,10,0,B,2
18,B,q105,100,0,B,2
18,B,q106,100,0,B,2
18,B,q107,100,0,B,2
18,B,q108,40,0,B,2
18,B,q109,100,0,B,2
18,B,q110,15,100,B,2
18,B,q111,0,100,B,2
18,B,q112,100,0,B,2
18,B,q113,0,0,B,2
18,B,q114,100,0,B,2
18,B,q115,15,100,B,2
18,B,q116,80,0,B,2
18,B,q117,100,100,B,2
18,B,q118,100,0,B,2
18,B,q119,100,0,B,2
18,B,q120,5,0,B,2
18,B,q121,100,0,S,2
18,B,q122,25,0,S,2
18,B,q123,100,0,S,2
18,B,q124,100,0,S,2
18,B,q125,80,100,S,2
18,B,q126,50,100,S,2
18,B,q127,100,100,S,2
18,B,q128,20,100,S,2
18,B,q129,100,100,S,2
18,B,q130,100,0,S,2
18,B,q131,100,100,S,2
18,B,q132,0,100,S,2
18,B,q133,100,0,S,2
18,B,q134,100,100,S,2
18,B,q135,100,0,S,2
18,B,q136,100,0,S,2
18,B,q137,100,100,S,2
18,B,q138,100,100,S,2
18,B,q139,100,0,S,2
18,B,q140,100,100,S,2
18,B,q141,0,0,U,2
18,B,q142,0,0,U,2
18,B,q143,0,0,U,2
18,B,q144,0,100,U,2
18,B,q145,0,0,U,2
18,B,q146,0,0,U,2
18,B,q147,0,0,U,2
18,B,q148,0,0,U,2
18,B,q149,0,0,U,2
18,B,q150,10,100,U,2
18,B,q151,0,0,U,2
18,B,q152,0,0,U,2
18,B,q153,0,0,U,2
18,B,q154,0,0,U,2
18,B,q155,0,0,U,2
18,B,q156,0,0,U,2
18,B,q157,0,0,U,2
18,B,q158,0,0,U,2
18,B,q159,0,0,U,2
18,B,q160,0,0,U,2
26,B,q1,60,0,F,1
26,B,q2,80,100,F,1
26,B,q3,88,100,F,1
26,B,q4,75,0,F,1
26,B,q5,76,0,F,1
26,B,q6,5,0,F,1
26,B,q7,80,0,F,1
26,B,q8,86,100,F,1
26,B,q9,80,100,F,1
26,B,q10,75,100,F,1
26,B,q11,100,0,F,1
26,B,q12,80,100,F,1
26,B,q13,20,100,F,1
26,B,q14,50,100,F,1
26,B,q15,50,100,F,1
26,B,q16,48,0,F,1
26,B,q17,65,100,F,1
26,B,q18,10,0,F,1
26,B,q19,95,100,F,1
26,B,q20,50,100,F,1
26,B,q21,30,0,B,1
26,B,q22,85,0,B,1
26,B,q23,89,0,B,1
26,B,q24,45,100,B,1
26,B,q25,76,0,B,1
26,B,q26,89,100,B,1
26,B,q27,75,0,B,1
26,B,q28,100,100,B,1
26,B,q29,95,0,B,1
26,B,q30,10,0,B,1
26,B,q31,75,0,B,1
26,B,q32,85,0,B,1
26,B,q33,89,100,B,1
26,B,q34,100,100,B,1
26,B,q35,85,100,B,1
26,B,q36,95,0,B,1
26,B,q37,100,0,B,1
26,B,q38,65,100,B,1
26,B,q39,80,0,B,1
26,B,q40,90,0,B,1
26,B,q41,86,0,S,1
26,B,q42,80,0,S,1
26,B,q43,90,100,S,1
26,B,q44,90,0,S,1
26,B,q45,100,100,S,1
26,B,q46,45,0,S,1
26,B,q47,95,100,S,1
26,B,q48,90,0,S,1
26,B,q49,54,0,S,1
26,B,q50,78,0,S,1
26,B,q51,90,100,S,1
26,B,q52,89,0,S,1
26,B,q53,90,0,S,1
26,B,q54,78,0,S,1
26,B,q55,30,100,S,1
26,B,q56,67,100,S,1
26,B,q57,90,0,S,1
26,B,q58,15,0,S,1
26,B,q59,70,0,S,1
26,B,q60,90,0,S,1
26,B,q61,32,0,U,1
26,B,q62,30,0,U,1
26,B,q63,5,0,U,1
26,B,q64,0,0,U,1
26,B,q65,10,0,U,1
26,B,q66,12,0,U,1
26,B,q67,30,0,U,1
26,B,q68,45,0,U,1
26,B,q69,0,0,U,1
26,B,q70,10,0,U,1
26,B,q71,20,0,U,1
26,B,q72,10,0,U,1
26,B,q73,0,0,U,1
26,B,q74,15,0,U,1
26,B,q75,20,0,U,1
26,B,q76,13,0,U,1
26,B,q77,15,100,U,1
26,B,q78,5,0,U,1
26,B,q79,10,0,U,1
26,B,q80,15,0,U,1
26,B,q81,45,0,F,2
26,B,q82,88,0,F,2
26,B,q83,34,0,F,2
26,B,q84,7,100,F,2
26,B,q85,50,0,F,2
26,B,q86,45,100,F,2
26,B,q87,30,0,F,2
26,B,q88,6,0,F,2
26,B,q89,34,100,F,2
26,B,q90,76,100,F,2
26,B,q91,95,0,F,2
26,B,q92,80,0,F,2
26,B,q93,75,100,F,2
26,B,q94,23,100,F,2
26,B,q95,89,100,F,2
26,B,q96,87,100,F,2
26,B,q97,87,100,F,2
26,B,q98,90,0,F,2
26,B,q99,67,100,F,2
26,B,q100,89,100,F,2
26,B,q101,23,0,B,2
26,B,q102,65,0,B,2
26,B,q103,65,0,B,2
26,B,q104,20,0,B,2
26,B,q105,15,0,B,2
26,B,q106,87,100,B,2
26,B,q107,45,0,B,2
26,B,q108,65,100,B,2
26,B,q109,88,100,B,2
26,B,q110,34,0,B,2
26,B,q111,23,0,B,2
26,B,q112,90,0,B,2
26,B,q113,20,0,B,2
26,B,q114,12,0,B,2
26,B,q115,3,0,B,2
26,B,q116,76,0,B,2
26,B,q117,35,0,B,2
26,B,q118,65,0,B,2
26,B,q119,79,0,B,2
26,B,q120,75,0,B,2
26,B,q121,78,100,S,2
26,B,q122,40,0,S,2
26,B,q123,89,0,S,2
26,B,q124,45,0,S,2
26,B,q125,45,0,S,2
26,B,q126,40,0,S,2
26,B,q127,87,0,S,2
26,B,q128,65,100,S,2
26,B,q129,76,0,S,2
26,B,q130,86,0,S,2
26,B,q131,90,100,S,2
26,B,q132,43,0,S,2
26,B,q133,44,100,S,2
26,B,q134,50,0,S,2
26,B,q135,85,0,S,2
26,B,q136,95,0,S,2
26,B,q137,65,100,S,2
26,B,q138,90,0,S,2
26,B,q139,90,0,S,2
26,B,q140,32,0,S,2
26,B,q141,34,0,U,2
26,B,q142,65,0,U,2
26,B,q143,21,100,U,2
26,B,q144,50,0,U,2
26,B,q145,12,0,U,2
26,B,q146,10,0,U,2
26,B,q147,15,0,U,2
26,B,q148,13,0,U,2
26,B,q149,56,0,U,2
26,B,q150,34,0,U,2
26,B,q151,89,0,U,2
26,B,q152,23,0,U,2
26,B,q153,10,0,U,2
26,B,q154,20,0,U,2
26,B,q155,15,0,U,2
26,B,q156,4,0,U,2
26,B,q157,5,0,U,2
26,B,q158,54,0,U,2
26,B,q159,12,0,U,2
26,B,q160,5,0,U,2
30,B,q1,79,100,F,1
30,B,q2,35,100,F,1
30,B,q3,78,100,F,1
30,B,q4,34,0,F,1
30,B,q5,60,100,F,1
30,B,q6,17,0,F,1
30,B,q7,60,0,F,1
30,B,q8,50,100,F,1
30,B,q9,90,100,F,1
30,B,q10,79,100,F,1
30,B,q11,79,100,F,1
30,B,q12,90,100,F,1
30,B,q13,79,100,F,1
30,B,q14,67,100,F,1
30,B,q15,64,100,F,1
30,B,q16,79,100,F,1
30,B,q17,35,100,F,1
30,B,q18,67,100,F,1
30,B,q19,45,100,F,1
30,B,q20,86,100,F,1
30,B,q21,60,100,B,1
30,B,q22,89,0,B,1
30,B,q23,79,0,B,1
30,B,q24,57,100,B,1
30,B,q25,68,0,B,1
30,B,q26,25,0,B,1
30,B,q27,67,0,B,1
30,B,q28,45,0,B,1
30,B,q29,89,100,B,1
30,B,q30,75,100,B,1
30,B,q31,35,100,B,1
30,B,q32,45,100,B,1
30,B,q33,56,100,B,1
30,B,q34,78,100,B,1
30,B,q35,45,0,B,1
30,B,q36,70,100,B,1
30,B,q37,50,100,B,1
30,B,q38,55,0,B,1
30,B,q39,70,100,B,1
30,B,q40,70,0,B,1
30,B,q41,90,100,S,1
30,B,q42,50,0,S,1
30,B,q43,56,100,S,1
30,B,q44,70,100,S,1
30,B,q45,50,100,S,1
30,B,q46,65,0,S,1
30,B,q47,45,100,S,1
30,B,q48,89,100,S,1
30,B,q49,55,100,S,1
30,B,q50,78,100,S,1
30,B,q51,76,100,S,1
30,B,q52,72,100,S,1
30,B,q53,78,100,S,1
30,B,q54,78,100,S,1
30,B,q55,48,100,S,1
30,B,q56,68,100,S,1
30,B,q57,80,100,S,1
30,B,q58,77,0,S,1
30,B,q59,65,0,S,1
30,B,q60,79,100,S,1
30,B,q61,10,0,U,1
30,B,q62,20,0,U,1
30,B,q63,25,0,U,1
30,B,q64,10,100,U,1
30,B,q65,27,0,U,1
30,B,q66,30,0,U,1
30,B,q67,10,100,U,1
30,B,q68,26,0,U,1
30,B,q69,20,0,U,1
30,B,q70,20,0,U,1
30,B,q71,15,0,U,1
30,B,q72,5,0,U,1
30,B,q73,20,0,U,1
30,B,q74,45,0,U,1
30,B,q75,15,100,U,1
30,B,q76,10,0,U,1
30,B,q77,25,0,U,1
30,B,q78,34,100,U,1
30,B,q79,17,0,U,1
30,B,q80,15,0,U,1
30,B,q81,20,100,F,2
30,B,q82,45,0,F,2
30,B,q83,67,100,F,2
30,B,q84,15,0,F,2
30,B,q85,30,0,F,2
30,B,q86,45,100,F,2
30,B,q87,47,0,F,2
30,B,q88,57,100,F,2
30,B,q89,34,100,F,2
30,B,q90,89,100,F,2
30,B,q91,37,0,F,2
30,B,q92,70,100,F,2
30,B,q93,68,100,F,2
30,B,q94,66,100,F,2
30,B,q95,27,0,F,2
30,B,q96,36,100,F,2
30,B,q97,47,100,F,2
30,B,q98,56,100,F,2
30,B,q99,30,100,F,2
30,B,q100,89,100,F,2
30,B,q101,24,0,B,2
30,B,q102,40,0,B,2
30,B,q103,35,0,B,2
30,B,q104,35,0,B,2
30,B,q105,57,0,B,2
30,B,q106,78,100,B,2
30,B,q107,59,100,B,2
30,B,q108,36,100,B,2
30,B,q109,25,100,B,2
30,B,q110,66,0,B,2
30,B,q111,15,0,B,2
30,B,q112,57,100,B,2
30,B,q113,67,0,B,2
30,B,q114,43,0,B,2
30,B,q115,79,0,B,2
30,B,q116,69,0,B,2
30,B,q117,20,0,B,2
30,B,q118,37,0,B,2
30,B,q119,70,0,B,2
30,B,q120,78,100,B,2
30,B,q121,50,100,S,2
30,B,q122,34,100,S,2
30,B,q123,48,0,S,2
30,B,q124,36,0,S,2
30,B,q125,60,0,S,2
30,B,q126,37,100,S,2
30,B,q127,35,0,S,2
30,B,q128,45,100,S,2
30,B,q129,68,100,S,2
30,B,q130,50,0,S,2
30,B,q131,46,100,S,2
30,B,q132,74,100,S,2
30,B,q133,70,100,S,2
30,B,q134,28,0,S,2
30,B,q135,40,0,S,2
30,B,q136,89,0,S,2
30,B,q137,70,100,S,2
30,B,q138,90,100,S,2
30,B,q139,58,100,S,2
30,B,q140,78,100,S,2
30,B,q141,67,0,U,2
30,B,q142,20,0,U,2
30,B,q143,23,0,U,2
30,B,q144,20,0,U,2
30,B,q145,10,0,U,2
30,B,q146,35,0,U,2
30,B,q147,20,0,U,2
30,B,q148,25,0,U,2
30,B,q149,20,0,U,2
30,B,q150,30,100,U,2
30,B,q151,24,0,U,2
30,B,q152,57,0,U,2
30,B,q153,10,0,U,2
30,B,q154,27,0,U,2
30,B,q155,34,0,U,2
30,B,q156,30,0,U,2
30,B,q157,46,0,U,2
30,B,q158,30,0,U,2
30,B,q159,31,100,U,2
30,B,q160,37,0,U,2
34,B,q1,70,100,F,1
34,B,q10,90,0,F,1
34,B,q100,90,100,F,1
34,B,q101,50,100,F,1
34,B,q102,90,100,F,1
34,B,q103,70,0,F,1
34,B,q104,0,0,F,1
34,B,q105,70,100,F,1
34,B,q106,80,100,F,1
34,B,q107,90,100,F,1
34,B,q108,90,100,F,1
34,B,q109,90,100,F,1
34,B,q11,90,100,F,1
34,B,q110,70,100,F,1
34,B,q111,20,100,F,1
34,B,q112,80,100,F,1
34,B,q113,80,100,F,1
34,B,q114,80,0,F,1
34,B,q115,70,100,F,1
34,B,q116,80,100,F,1
34,B,q117,70,0,B,1
34,B,q118,90,0,B,1
34,B,q119,90,100,B,1
34,B,q12,70,100,B,1
34,B,q120,90,0,B,1
34,B,q121,80,100,B,1
34,B,q122,80,0,B,1
34,B,q123,90,0,B,1
34,B,q124,80,100,B,1
34,B,q125,90,100,B,1
34,B,q126,80,100,B,1
34,B,q127,80,0,B,1
34,B,q128,70,100,B,1
34,B,q129,90,100,B,1
34,B,q13,90,100,B,1
34,B,q130,90,0,B,1
34,B,q131,90,100,B,1
34,B,q132,90,100,B,1
34,B,q133,90,100,B,1
34,B,q134,90,0,B,1
34,B,q135,90,100,S,1
34,B,q136,90,100,S,1
34,B,q137,90,100,S,1
34,B,q138,90,0,S,1
34,B,q139,90,100,S,1
34,B,q14,80,100,S,1
34,B,q140,90,0,S,1
34,B,q141,0,100,S,1
34,B,q142,60,100,S,1
34,B,q143,50,100,S,1
34,B,q144,0,100,S,1
34,B,q145,50,100,S,1
34,B,q146,70,0,S,1
34,B,q147,10,100,S,1
34,B,q148,30,0,S,1
34,B,q149,10,100,S,1
34,B,q15,70,100,S,1
34,B,q150,90,100,S,1
34,B,q151,30,0,S,1
34,B,q152,0,100,S,1
34,B,q153,20,0,U,1
34,B,q154,0,0,U,1
34,B,q155,20,0,U,1
34,B,q156,50,0,U,1
34,B,q157,0,0,U,1
34,B,q158,30,0,U,1
34,B,q159,0,100,U,1
34,B,q16,90,0,U,1
34,B,q160,50,100,U,1
34,B,q17,50,0,U,1
34,B,q18,20,0,U,1
34,B,q19,80,0,U,1
34,B,q2,70,0,U,1
34,B,q20,80,0,U,1
34,B,q21,50,0,U,1
34,B,q22,70,0,U,1
34,B,q23,90,100,U,1
34,B,q24,80,100,U,1
34,B,q25,90,0,U,1
34,B,q26,70,0,U,1
34,B,q27,30,100,F,2
34,B,q28,80,100,F,2
34,B,q29,90,100,F,2
34,B,q3,80,100,F,2
34,B,q30,70,0,F,2
34,B,q31,70,100,F,2
34,B,q32,80,100,F,2
34,B,q33,90,0,F,2
34,B,q34,90,100,F,2
34,B,q35,60,100,F,2
34,B,q36,90,100,F,2
34,B,q37,70,100,F,2
34,B,q38,90,100,F,2
34,B,q39,90,100,F,2
34,B,q4,90,100,F,2
34,B,q40,60,0,F,2
34,B,q41,70,100,F,2
34,B,q42,70,100,F,2
34,B,q43,80,100,F,2
34,B,q44,90,100,F,2
34,B,q45,80,0,B,2
34,B,q46,60,100,B,2
34,B,q47,70,100,B,2
34,B,q48,90,0,B,2
34,B,q49,70,0,B,2
34,B,q5,60,100,B,2
34,B,q50,90,0,B,2
34,B,q51,90,100,B,2
34,B,q52,60,100,B,2
34,B,q53,90,100,B,2
34,B,q54,90,0,B,2
34,B,q55,70,0,B,2
34,B,q56,30,0,B,2
34,B,q57,90,0,B,2
34,B,q58,40,0,B,2
34,B,q59,40,0,B,2
34,B,q6,0,0,B,2
34,B,q60,90,0,B,2
34,B,q61,10,100,B,2
34,B,q62,50,0,B,2
34,B,q63,20,100,S,2
34,B,q64,60,0,S,2
34,B,q65,30,100,S,2
34,B,q66,20,0,S,2
34,B,q67,20,0,S,2
34,B,q68,20,100,S,2
34,B,q69,0,0,S,2
34,B,q7,90,100,S,2
34,B,q70,0,100,S,2
34,B,q71,0,0,S,2
34,B,q72,0,100,S,2
34,B,q73,0,100,S,2
34,B,q74,0,100,S,2
34,B,q75,60,100,S,2
34,B,q76,60,0,S,2
34,B,q77,0,0,S,2
34,B,q78,40,100,S,2
34,B,q79,40,0,S,2
34,B,q8,70,100,S,2
34,B,q80,20,100,S,2
34,B,q81,70,0,U,2
34,B,q82,90,0,U,2
34,B,q83,60,0,U,2
34,B,q84,0,100,U,2
34,B,q85,50,0,U,2
34,B,q86,90,0,U,2
34,B,q87,50,0,U,2
34,B,q88,40,0,U,2
34,B,q89,90,100,U,2
34,B,q9,100,0,U,2
34,B,q90,90,100,U,2
34,B,q91,30,0,U,2
34,B,q92,90,0,U,2
34,B,q93,90,100,U,2
34,B,q94,70,0,U,2
34,B,q95,80,0,U,2
34,B,q96,90,0,U,2
34,B,q97,90,0,U,2
34,B,q98,90,0,U,2
34,B,q99,90,0,U,2
3,C,q1,35,100,F,1
3,C,q2,79,100,F,1
3,C,q3,70,100,F,1
3,C,q4,95,100,F,1
3,C,q5,70,100,F,1
3,C,q6,45,100,F,1
3,C,q7,65,100,F,1
3,C,q8,51,100,F,1
3,C,q9,59,100,F,1
3,C,q10,75,100,F,1
3,C,q11,35,100,F,1
3,C,q12,0,100,F,1
3,C,q13,50,100,F,1
3,C,q14,59,100,F,1
3,C,q15,100,100,F,1
3,C,q16,70,100,F,1
3,C,q17,90,100,F,1
3,C,q18,100,100,F,1
3,C,q19,62,100,F,1
3,C,q20,40,100,F,1
3,C,q21,100,0,B,1
3,C,q22,65,100,B,1
3,C,q23,79,0,B,1
3,C,q24,25,0,B,1
3,C,q25,65,100,B,1
3,C,q26,37,0,B,1
3,C,q27,56,100,B,1
3,C,q28,75,0,B,1
3,C,q29,80,0,B,1
3,C,q30,0,100,B,1
3,C,q31,65,0,B,1
3,C,q32,45,0,B,1
3,C,q33,75,0,B,1
3,C,q34,55,100,B,1
3,C,q35,100,0,B,1
3,C,q36,70,100,B,1
3,C,q37,98,100,B,1
3,C,q38,60,100,B,1
3,C,q39,70,100,B,1
3,C,q40,55,0,B,1
3,C,q41,45,0,S,1
3,C,q42,50,0,S,1
3,C,q43,75,100,S,1
3,C,q44,79,0,S,1
3,C,q45,70,100,S,1
3,C,q46,30,100,S,1
3,C,q47,49,100,S,1
3,C,q48,8,100,S,1
3,C,q49,0,100,S,1
3,C,q50,50,100,S,1
3,C,q51,95,100,S,1
3,C,q52,25,100,S,1
3,C,q53,80,100,S,1
3,C,q54,90,100,S,1
3,C,q55,60,100,S,1
3,C,q56,75,0,S,1
3,C,q57,60,100,S,1
3,C,q58,85,100,S,1
3,C,q59,90,100,S,1
3,C,q60,55,100,S,1
3,C,q61,20,0,U,1
3,C,q62,0,0,U,1
3,C,q63,0,0,U,1
3,C,q64,0,0,U,1
3,C,q65,0,0,U,1
3,C,q66,0,0,U,1
3,C,q67,0,0,U,1
3,C,q68,0,0,U,1
3,C,q69,0,0,U,1
3,C,q70,0,0,U,1
3,C,q71,10,0,U,1
3,C,q72,0,0,U,1
3,C,q73,0,0,U,1
3,C,q74,0,0,U,1
3,C,q75,0,0,U,1
3,C,q76,0,0,U,1
3,C,q77,0,0,U,1
3,C,q78,0,0,U,1
3,C,q79,0,0,U,1
3,C,q80,15,100,U,1
3,C,q81,45,100,F,2
3,C,q82,53,100,F,2
3,C,q83,58,100,F,2
3,C,q84,65,100,F,2
3,C,q85,87,100,F,2
3,C,q86,0,100,F,2
3,C,q87,31,100,F,2
3,C,q88,71,0,F,2
3,C,q89,65,100,F,2
3,C,q90,45,100,F,2
3,C,q91,25,100,F,2
3,C,q92,40,100,F,2
3,C,q93,70,100,F,2
3,C,q94,70,100,F,2
3,C,q95,75,100,F,2
3,C,q96,79,0,F,2
3,C,q97,68,100,F,2
3,C,q98,90,100,F,2
3,C,q99,75,100,F,2
3,C,q100,75,100,F,2
3,C,q101,0,100,B,2
3,C,q102,0,0,B,2
3,C,q103,0,0,B,2
3,C,q104,75,0,B,2
3,C,q105,42,0,B,2
3,C,q106,85,0,B,2
3,C,q107,30,0,B,2
3,C,q108,75,100,B,2
3,C,q109,69,0,B,2
3,C,q110,100,0,B,2
3,C,q111,59,0,B,2
3,C,q112,79,100,B,2
3,C,q113,52,0,B,2
3,C,q114,75,0,B,2
3,C,q115,75,0,B,2
3,C,q116,75,0,B,2
3,C,q117,60,0,B,2
3,C,q118,55,0,B,2
3,C,q119,100,100,B,2
3,C,q120,75,0,B,2
3,C,q121,60,100,S,2
3,C,q122,35,0,S,2
3,C,q123,65,100,S,2
3,C,q124,70,100,S,2
3,C,q125,64,100,S,2
3,C,q126,60,100,S,2
3,C,q127,65,0,S,2
3,C,q128,65,0,S,2
3,C,q129,31,100,S,2
3,C,q130,65,100,S,2
3,C,q131,40,100,S,2
3,C,q132,65,100,S,2
3,C,q133,81,100,S,2
3,C,q134,64,100,S,2
3,C,q135,69,100,S,2
3,C,q136,45,0,S,2
3,C,q137,55,0,S,2
3,C,q138,60,0,S,2
3,C,q139,70,100,S,2
3,C,q140,0,0,U,2
3,C,q141,0,100,U,2
3,C,q142,0,0,U,2
3,C,q143,0,0,U,2
3,C,q144,0,0,U,2
3,C,q145,0,0,U,2
3,C,q146,0,0,U,2
3,C,q147,0,0,U,2
3,C,q148,0,0,U,2
3,C,q149,0,0,U,2
3,C,q150,0,0,U,2
3,C,q151,0,100,U,2
3,C,q152,65,0,S,2
3,C,q153,0,0,U,2
3,C,q154,0,0,U,2
3,C,q155,0,0,U,2
3,C,q156,0,0,U,2
3,C,q157,0,0,U,2
3,C,q158,0,100,U,2
3,C,q159,0,0,U,2
3,C,q160,0,0,U,2
7,C,q1,79,0,F,1
7,C,q2,80,100,F,1
7,C,q3,100,0,F,1
7,C,q4,100,100,F,1
7,C,q5,95,100,F,1
7,C,q6,85,0,F,1
7,C,q7,94,0,F,1
7,C,q8,100,0,F,1
7,C,q9,100,0,F,1
7,C,q10,100,100,F,1
7,C,q11,25,0,F,1
7,C,q12,72,100,F,1
7,C,q13,70,100,F,1
7,C,q14,85,100,F,1
7,C,q15,100,100,F,1
7,C,q16,95,100,F,1
7,C,q17,100,100,F,1
7,C,q18,95,100,F,1
7,C,q19,100,100,F,1
7,C,q20,95,0,F,1
7,C,q21,90,0,B,1
7,C,q22,100,0,B,1
7,C,q23,95,0,B,1
7,C,q24,95,0,B,1
7,C,q25,95,0,B,1
7,C,q26,100,0,B,1
7,C,q27,100,100,B,1
7,C,q28,95,0,B,1
7,C,q29,100,100,B,1
7,C,q30,30,0,B,1
7,C,q31,95,100,B,1
7,C,q32,95,0,B,1
7,C,q33,100,100,B,1
7,C,q34,100,100,B,1
7,C,q35,95,0,B,1
7,C,q36,100,100,B,1
7,C,q37,100,100,B,1
7,C,q38,40,0,B,1
7,C,q39,100,0,B,1
7,C,q40,2,0,B,1
7,C,q41,86,100,S,1
7,C,q42,90,0,S,1
7,C,q43,80,0,S,1
7,C,q44,100,0,S,1
7,C,q45,100,100,S,1
7,C,q46,100,100,S,1
7,C,q47,100,100,S,1
7,C,q48,65,100,S,1
7,C,q49,75,100,S,1
7,C,q50,85,100,S,1
7,C,q51,100,100,S,1
7,C,q52,100,100,S,1
7,C,q53,95,100,S,1
7,C,q54,100,0,S,1
7,C,q55,100,0,S,1
7,C,q56,95,100,S,1
7,C,q57,95,100,S,1
7,C,q58,100,100,S,1
7,C,q59,100,100,S,1
7,C,q60,80,0,S,1
7,C,q61,2,0,U,1
7,C,q62,10,0,U,1
7,C,q63,10,0,U,1
7,C,q64,20,0,U,1
7,C,q65,32,0,U,1
7,C,q66,25,0,U,1
7,C,q67,10,100,U,1
7,C,q68,5,0,U,1
7,C,q69,7,0,U,1
7,C,q70,7,0,U,1
7,C,q71,3,0,U,1
7,C,q72,10,0,U,1
7,C,q73,10,0,U,1
7,C,q74,30,0,U,1
7,C,q75,18,0,U,1
7,C,q76,12,0,U,1
7,C,q77,5,0,U,1
7,C,q78,8,0,U,1
7,C,q79,20,0,U,1
7,C,q80,10,100,U,1
7,C,q81,12,100,F,2
7,C,q82,40,100,F,2
7,C,q83,88,100,F,2
7,C,q84,25,100,F,2
7,C,q85,85,100,F,2
7,C,q86,12,100,F,2
7,C,q87,30,100,F,2
7,C,q88,32,100,F,2
7,C,q89,100,100,F,2
7,C,q90,75,100,F,2
7,C,q91,50,100,F,2
7,C,q92,25,100,F,2
7,C,q93,88,100,F,2
7,C,q94,100,100,F,2
7,C,q95,40,100,F,2
7,C,q96,70,100,F,2
7,C,q97,85,100,F,2
7,C,q98,100,100,F,2
7,C,q99,70,100,F,2
7,C,q100,90,100,F,2
7,C,q101,52,0,B,2
7,C,q102,40,0,B,2
7,C,q103,90,0,B,2
7,C,q104,50,100,B,2
7,C,q105,10,0,B,2
7,C,q106,65,0,B,2
7,C,q107,78,100,B,2
7,C,q108,88,100,B,2
7,C,q109,62,0,B,2
7,C,q110,85,0,B,2
7,C,q111,71,0,B,2
7,C,q112,90,100,B,2
7,C,q113,39,100,B,2
7,C,q114,10,100,B,2
7,C,q115,80,100,B,2
7,C,q116,15,0,B,2
7,C,q117,67,0,B,2
7,C,q118,20,0,B,2
7,C,q119,90,100,B,2
7,C,q120,85,100,B,2
7,C,q121,95,100,S,2
7,C,q122,78,100,S,2
7,C,q123,10,0,S,2
7,C,q124,85,0,S,2
7,C,q125,85,0,S,2
7,C,q126,0,0,S,2
7,C,q127,100,100,S,2
7,C,q128,90,100,S,2
7,C,q129,26,0,S,2
7,C,q130,100,100,S,2
7,C,q131,45,100,S,2
7,C,q132,88,100,S,2
7,C,q133,72,100,S,2
7,C,q134,8,0,S,2
7,C,q135,48,100,S,2
7,C,q136,70,100,S,2
7,C,q137,85,100,S,2
7,C,q138,90,100,S,2
7,C,q139,75,100,S,2
7,C,q140,0,0,U,2
7,C,q141,1,0,U,2
7,C,q142,1,0,U,2
7,C,q143,8,0,U,2
7,C,q144,1,0,U,2
7,C,q145,9,0,U,2
7,C,q146,9,0,U,2
7,C,q147,1,0,U,2
7,C,q148,20,0,U,2
7,C,q149,0,0,U,2
7,C,q150,0,0,U,2
7,C,q151,7,0,U,2
7,C,q152,100,0,S,2
7,C,q153,1,0,U,2
7,C,q154,7,0,U,2
7,C,q155,12,0,U,2
7,C,q156,2,100,U,2
7,C,q157,0,0,U,2
7,C,q158,5,0,U,2
7,C,q159,10,0,U,2
7,C,q160,0,0,U,2
11,C,q1,50,100,F,1
11,C,q2,100,100,F,1
11,C,q3,50,0,F,1
11,C,q4,0,0,F,1
11,C,q5,78,0,F,1
11,C,q6,15,0,F,1
11,C,q7,96,0,F,1
11,C,q8,60,0,F,1
11,C,q9,100,0,F,1
11,C,q10,100,0,F,1
11,C,q11,15,0,F,1
11,C,q12,99,100,F,1
11,C,q13,88,100,F,1
11,C,q14,100,0,F,1
11,C,q15,78,100,F,1
11,C,q16,99,100,F,1
11,C,q17,95,100,F,1
11,C,q18,99,100,F,1
11,C,q19,78,100,F,1
11,C,q20,99,0,F,1
11,C,q21,50,0,B,1
11,C,q22,99,0,B,1
11,C,q23,99,0,B,1
11,C,q24,75,0,B,1
11,C,q25,99,0,B,1
11,C,q26,76,0,B,1
11,C,q27,50,0,B,1
11,C,q28,2,0,B,1
11,C,q29,100,0,B,1
11,C,q30,4,0,B,1
11,C,q31,99,0,B,1
11,C,q32,12,0,B,1
11,C,q33,15,0,B,1
11,C,q34,99,100,B,1
11,C,q35,75,0,B,1
11,C,q36,99,0,B,1
11,C,q37,90,0,B,1
11,C,q38,75,0,B,1
11,C,q39,55,0,B,1
11,C,q40,15,0,B,1
11,C,q41,99,100,S,1
11,C,q42,99,0,S,1
11,C,q43,100,0,S,1
11,C,q44,100,0,S,1
11,C,q45,100,100,S,1
11,C,q46,97,0,S,1
11,C,q47,78,100,S,1
11,C,q48,88,0,S,1
11,C,q49,100,100,S,1
11,C,q50,99,0,S,1
11,C,q51,100,100,S,1
11,C,q52,75,100,S,1
11,C,q53,99,0,S,1
11,C,q54,75,0,S,1
11,C,q55,100,0,S,1
11,C,q56,100,0,S,1
11,C,q57,99,0,S,1
11,C,q58,99,100,S,1
11,C,q59,80,0,S,1
11,C,q60,99,100,S,1
11,C,q61,0,0,U,1
11,C,q62,0,0,U,1
11,C,q63,10,0,U,1
11,C,q64,34,0,U,1
11,C,q65,10,0,U,1
11,C,q66,1,0,U,1
11,C,q67,22,0,U,1
11,C,q68,30,0,U,1
11,C,q69,10,0,U,1
11,C,q70,33,0,U,1
11,C,q71,15,0,U,1
11,C,q72,12,0,U,1
11,C,q73,0,0,U,1
11,C,q74,15,0,U,1
11,C,q75,19,0,U,1
11,C,q76,10,0,U,1
11,C,q77,2,0,U,1
11,C,q78,0,0,U,1
11,C,q79,30,0,U,1
11,C,q80,2,0,U,1
11,C,q81,99,100,F,2
11,C,q82,45,0,F,2
11,C,q83,100,0,F,2
11,C,q84,22,100,F,2
11,C,q85,99,0,F,2
11,C,q86,0,0,F,2
11,C,q87,45,0,F,2
11,C,q88,99,0,F,2
11,C,q89,99,0,F,2
11,C,q90,99,0,F,2
11,C,q91,87,100,F,2
11,C,q92,100,0,F,2
11,C,q93,99,100,F,2
11,C,q94,95,100,F,2
11,C,q95,43,100,F,2
11,C,q96,75,0,F,2
11,C,q97,60,100,F,2
11,C,q98,99,100,F,2
11,C,q99,100,100,F,2
11,C,q100,34,100,F,2
11,C,q101,75,0,B,2
11,C,q102,30,0,B,2
11,C,q103,75,100,B,2
11,C,q104,88,0,B,2
11,C,q105,5,0,B,2
11,C,q106,40,100,B,2
11,C,q107,95,0,B,2
11,C,q108,97,100,B,2
11,C,q109,65,0,B,2
11,C,q110,100,0,B,2
11,C,q111,98,0,B,2
11,C,q112,60,100,B,2
11,C,q113,75,0,B,2
11,C,q114,0,0,B,2
11,C,q115,78,0,B,2
11,C,q116,0,0,B,2
11,C,q117,50,0,B,2
11,C,q118,77,0,B,2
11,C,q119,88,100,B,2
11,C,q120,99,0,B,2
11,C,q121,100,100,S,2
11,C,q122,100,100,S,2
11,C,q123,6,100,S,2
11,C,q124,99,100,S,2
11,C,q125,99,100,S,2
11,C,q126,80,0,S,2
11,C,q127,89,100,S,2
11,C,q128,100,100,S,2
11,C,q129,77,0,S,2
11,C,q130,100,100,S,2
11,C,q131,60,0,S,2
11,C,q132,88,0,S,2
11,C,q133,100,0,S,2
11,C,q134,33,100,S,2
11,C,q135,10,100,S,2
11,C,q136,100,100,S,2
11,C,q137,89,0,S,2
11,C,q138,96,0,S,2
11,C,q139,97,100,S,2
11,C,q140,0,0,S,2
11,C,q141,3,0,U,2
11,C,q142,4,0,U,2
11,C,q143,0,0,U,2
11,C,q144,1,0,U,2
11,C,q145,0,0,U,2
11,C,q146,0,0,U,2
11,C,q147,13,0,U,2
11,C,q148,1,0,U,2
11,C,q149,3,0,U,2
11,C,q150,99,0,U,2
11,C,q151,1,0,U,2
11,C,q152,0,100,U,2
11,C,q153,0,0,U,2
11,C,q154,10,0,U,2
11,C,q155,0,0,U,2
11,C,q156,80,0,U,2
11,C,q157,2,0,U,2
11,C,q158,13,0,U,2
11,C,q159,1,0,U,2
11,C,q160,15,0,U,2
15,C,q1,90,0,F,1
15,C,q2,100,0,F,1
15,C,q3,100,0,F,1
15,C,q4,65,0,F,1
15,C,q5,100,0,F,1
15,C,q6,100,0,F,1
15,C,q7,90,0,F,1
15,C,q8,100,100,F,1
15,C,q9,100,0,F,1
15,C,q10,100,0,F,1
15,C,q11,85,0,F,1
15,C,q12,100,100,F,1
15,C,q13,100,100,F,1
15,C,q14,100,0,F,1
15,C,q15,100,100,F,1
15,C,q16,100,0,F,1
15,C,q17,100,100,F,1
15,C,q18,90,0,F,1
15,C,q19,97,0,F,1
15,C,q20,100,100,F,1
15,C,q21,100,0,B,1
15,C,q22,100,0,B,1
15,C,q23,95,0,B,1
15,C,q24,95,0,B,1
15,C,q25,100,0,B,1
15,C,q26,85,0,B,1
15,C,q27,100,0,B,1
15,C,q28,100,0,B,1
15,C,q29,100,0,B,1
15,C,q30,85,0,B,1
15,C,q31,100,0,B,1
15,C,q32,100,0,B,1
15,C,q33,100,0,B,1
15,C,q34,100,0,B,1
15,C,q35,85,0,B,1
15,C,q36,100,0,B,1
15,C,q37,100,0,B,1
15,C,q38,100,0,B,1
15,C,q39,100,0,B,1
15,C,q40,95,0,B,1
15,C,q41,100,0,S,1
15,C,q42,100,0,S,1
15,C,q43,100,0,S,1
15,C,q44,100,0,S,1
15,C,q45,100,0,S,1
15,C,q46,100,0,S,1
15,C,q47,100,0,S,1
15,C,q48,100,0,S,1
15,C,q49,100,0,S,1
15,C,q50,100,0,S,1
15,C,q51,100,100,S,1
15,C,q52,90,0,S,1
15,C,q53,100,0,S,1
15,C,q54,95,0,S,1
15,C,q55,100,0,S,1
15,C,q56,100,0,S,1
15,C,q57,100,0,S,1
15,C,q58,100,0,S,1
15,C,q59,93,100,S,1
15,C,q60,100,0,S,1
15,C,q61,75,0,U,1
15,C,q62,45,0,U,1
15,C,q63,65,0,U,1
15,C,q64,86,0,U,1
15,C,q65,75,0,U,1
15,C,q66,65,0,U,1
15,C,q67,75,0,U,1
15,C,q68,65,0,U,1
15,C,q69,55,0,U,1
15,C,q70,90,0,U,1
15,C,q71,80,0,U,1
15,C,q72,85,0,U,1
15,C,q73,75,0,U,1
15,C,q74,85,0,U,1
15,C,q75,85,0,U,1
15,C,q76,45,0,U,1
15,C,q77,90,0,U,1
15,C,q78,50,0,U,1
15,C,q79,70,0,U,1
15,C,q80,85,0,U,1
15,C,q81,44,0,F,2
15,C,q82,75,0,F,2
15,C,q83,95,100,F,2
15,C,q84,90,0,F,2
15,C,q85,85,0,F,2
15,C,q86,40,0,F,2
15,C,q87,85,0,F,2
15,C,q88,70,0,F,2
15,C,q89,100,0,F,2
15,C,q90,75,0,F,2
15,C,q91,55,0,F,2
15,C,q92,60,0,F,2
15,C,q93,60,100,F,2
15,C,q94,45,100,F,2
15,C,q95,40,0,F,2
15,C,q96,45,0,F,2
15,C,q97,40,0,F,2
15,C,q98,60,0,F,2
15,C,q99,100,0,F,2
15,C,q100,80,0,F,2
15,C,q101,35,0,B,2
15,C,q102,45,0,B,2
15,C,q103,55,0,B,2
15,C,q104,85,0,B,2
15,C,q105,25,0,B,2
15,C,q106,90,0,B,2
15,C,q107,85,0,B,2
15,C,q108,100,100,B,2
15,C,q109,90,0,B,2
15,C,q110,90,0,B,2
15,C,q111,75,0,B,2
15,C,q112,60,0,B,2
15,C,q113,55,0,B,2
15,C,q114,35,0,B,2
15,C,q115,70,0,B,2
15,C,q116,45,0,B,2
15,C,q117,30,0,B,2
15,C,q118,85,0,B,2
15,C,q119,90,0,B,2
15,C,q120,85,0,B,2
15,C,q121,40,0,S,2
15,C,q122,100,100,S,2
15,C,q123,65,100,S,2
15,C,q124,75,0,S,2
15,C,q125,5,0,S,2
15,C,q126,90,0,S,2
15,C,q127,80,0,S,2
15,C,q128,80,0,S,2
15,C,q129,45,100,S,2
15,C,q130,65,0,S,2
15,C,q131,95,0,S,2
15,C,q132,90,100,S,2
15,C,q133,55,0,S,2
15,C,q134,45,100,S,2
15,C,q135,80,0,S,2
15,C,q136,70,0,S,2
15,C,q137,50,0,S,2
15,C,q138,90,0,S,2
15,C,q139,90,100,S,2
15,C,q140,20,0,U,2
15,C,q141,45,0,U,2
15,C,q142,15,0,U,2
15,C,q143,30,0,U,2
15,C,q144,10,0,U,2
15,C,q145,35,0,U,2
15,C,q146,45,0,U,2
15,C,q147,45,0,U,2
15,C,q148,25,0,U,2
15,C,q149,85,0,U,2
15,C,q150,40,0,U,2
15,C,q151,35,0,U,2
15,C,q152,90,0,S,2
15,C,q153,25,0,U,2
15,C,q154,20,0,U,2
15,C,q155,20,0,U,2
15,C,q156,20,0,U,2
15,C,q157,22,0,U,2
15,C,q158,30,0,U,2
15,C,q159,35,0,U,2
15,C,q160,50,0,U,2
19,C,q1,85,0,F,1
19,C,q2,45,100,F,1
19,C,q3,90,100,F,1
19,C,q4,80,100,F,1
19,C,q5,60,100,F,1
19,C,q6,35,0,F,1
19,C,q7,45,0,F,1
19,C,q8,45,100,F,1
19,C,q9,90,0,F,1
19,C,q10,75,100,F,1
19,C,q11,20,100,F,1
19,C,q12,30,100,F,1
19,C,q13,90,100,F,1
19,C,q14,20,100,F,1
19,C,q15,90,100,F,1
19,C,q16,75,0,F,1
19,C,q17,90,100,F,1
19,C,q18,45,100,F,1
19,C,q19,85,100,F,1
19,C,q20,85,100,F,1
19,C,q21,10,0,B,1
19,C,q22,95,100,B,1
19,C,q23,90,0,B,1
19,C,q24,70,0,B,1
19,C,q25,25,0,B,1
19,C,q26,55,0,B,1
19,C,q27,65,0,B,1
19,C,q28,35,0,B,1
19,C,q29,85,0,B,1
19,C,q30,20,0,B,1
19,C,q31,90,0,B,1
19,C,q32,80,0,B,1
19,C,q33,90,0,B,1
19,C,q34,90,100,B,1
19,C,q35,65,100,B,1
19,C,q36,85,0,B,1
19,C,q37,90,0,B,1
19,C,q38,65,100,B,1
19,C,q39,90,100,B,1
19,C,q40,55,100,B,1
19,C,q41,95,100,S,1
19,C,q42,75,0,S,1
19,C,q43,55,0,S,1
19,C,q44,75,0,S,1
19,C,q45,35,100,S,1
19,C,q46,85,0,S,1
19,C,q47,75,0,S,1
19,C,q48,86,100,S,1
19,C,q49,80,100,S,1
19,C,q50,45,0,S,1
19,C,q51,85,100,S,1
19,C,q52,95,100,S,1
19,C,q53,75,100,S,1
19,C,q54,85,100,S,1
19,C,q55,75,0,S,1
19,C,q56,90,100,S,1
19,C,q57,85,100,S,1
19,C,q58,90,100,S,1
19,C,q59,83,100,S,1
19,C,q60,90,100,S,1
19,C,q61,10,0,U,1
19,C,q62,10,0,U,1
19,C,q63,10,0,U,1
19,C,q64,10,0,U,1
19,C,q65,10,0,U,1
19,C,q66,15,0,U,1
19,C,q67,15,0,U,1
19,C,q68,10,0,U,1
19,C,q69,10,0,U,1
19,C,q70,35,0,U,1
19,C,q71,25,0,U,1
19,C,q72,10,0,U,1
19,C,q73,35,0,U,1
19,C,q74,10,0,U,1
19,C,q75,10,0,U,1
19,C,q76,30,0,U,1
19,C,q77,35,0,U,1
19,C,q78,10,0,U,1
19,C,q79,10,0,U,1
19,C,q80,10,0,U,1
19,C,q81,45,0,F,2
19,C,q82,45,100,F,2
19,C,q83,25,100,F,2
19,C,q84,25,100,F,2
19,C,q85,10,100,F,2
19,C,q86,10,0,F,2
19,C,q87,15,100,F,2
19,C,q88,45,0,F,2
19,C,q89,55,100,F,2
19,C,q90,40,0,F,2
19,C,q91,10,0,F,2
19,C,q92,10,0,F,2
19,C,q93,80,100,F,2
19,C,q94,90,100,F,2
19,C,q95,25,100,F,2
19,C,q96,45,100,F,2
19,C,q97,35,100,F,2
19,C,q98,5,100,F,2
19,C,q99,45,100,F,2
19,C,q100,90,100,F,2
19,C,q101,40,0,B,2
19,C,q102,45,0,B,2
19,C,q103,25,0,B,2
19,C,q104,23,0,B,2
19,C,q105,10,0,B,2
19,C,q106,20,0,B,2
19,C,q107,35,0,B,2
19,C,q108,25,0,B,2
19,C,q109,15,0,B,2
19,C,q110,25,0,B,2
19,C,q111,55,0,B,2
19,C,q112,1,100,B,2
19,C,q113,45,0,B,2
19,C,q114,0,0,B,2
19,C,q115,35,0,B,2
19,C,q116,10,100,B,2
19,C,q117,25,0,B,2
19,C,q118,15,0,B,2
19,C,q119,15,0,B,2
19,C,q120,5,0,B,2
19,C,q121,45,100,S,2
19,C,q122,25,0,S,2
19,C,q123,50,100,S,2
19,C,q124,65,0,S,2
19,C,q125,35,100,S,2
19,C,q126,45,100,S,2
19,C,q127,20,0,S,2
19,C,q128,45,0,S,2
19,C,q129,10,0,S,2
19,C,q130,35,100,S,2
19,C,q131,10,100,S,2
19,C,q132,35,100,S,2
19,C,q133,20,0,S,2
19,C,q134,55,100,S,2
19,C,q135,25,100,S,2
19,C,q136,15,0,S,2
19,C,q137,10,0,S,2
19,C,q138,35,0,S,2
19,C,q139,90,100,S,2
19,C,q140,0,100,U,2
19,C,q141,10,0,U,2
19,C,q142,0,0,U,2
19,C,q143,0,0,U,2
19,C,q144,0,0,U,2
19,C,q145,0,0,U,2
19,C,q146,20,0,U,2
19,C,q147,10,0,U,2
19,C,q148,10,0,U,2
19,C,q149,0,0,U,2
19,C,q150,0,0,U,2
19,C,q151,0,0,U,2
19,C,q152,35,0,S,2
19,C,q153,35,0,U,2
19,C,q154,10,0,U,2
19,C,q155,0,0,U,2
19,C,q156,44,0,U,2
19,C,q157,10,0,U,2
19,C,q158,0,0,U,2
19,C,q159,0,0,U,2
19,C,q160,25,0,U,2
27,C,q1,40,0,F,1
27,C,q2,20,100,F,1
27,C,q3,50,100,F,1
27,C,q4,30,100,F,1
27,C,q5,50,0,F,1
27,C,q6,25,100,F,1
27,C,q7,20,100,F,1
27,C,q8,45,100,F,1
27,C,q9,50,100,F,1
27,C,q10,75,0,F,1
27,C,q11,20,100,F,1
27,C,q12,90,100,F,1
27,C,q13,100,100,F,1
27,C,q14,25,100,F,1
27,C,q15,100,100,F,1
27,C,q16,50,100,F,1
27,C,q17,40,0,F,1
27,C,q18,100,0,F,1
27,C,q19,100,100,F,1
27,C,q20,65,100,F,1
27,C,q21,50,0,B,1
27,C,q22,20,0,B,1
27,C,q23,45,0,B,1
27,C,q24,50,100,B,1
27,C,q25,40,100,B,1
27,C,q26,100,100,B,1
27,C,q27,75,0,B,1
27,C,q28,30,0,B,1
27,C,q29,100,100,B,1
27,C,q30,10,0,B,1
27,C,q31,65,0,B,1
27,C,q32,100,0,B,1
27,C,q33,100,100,B,1
27,C,q34,65,100,B,1
27,C,q35,20,100,B,1
27,C,q36,50,0,B,1
27,C,q37,50,100,B,1
27,C,q38,50,100,B,1
27,C,q39,30,100,B,1
27,C,q40,35,100,B,1
27,C,q41,100,100,S,1
27,C,q42,50,0,S,1
27,C,q43,75,100,S,1
27,C,q44,50,100,S,1
27,C,q45,50,100,S,1
27,C,q46,20,100,S,1
27,C,q47,100,100,S,1
27,C,q48,50,100,S,1
27,C,q49,100,100,S,1
27,C,q50,100,0,S,1
27,C,q51,100,100,S,1
27,C,q52,35,0,S,1
27,C,q53,100,100,S,1
27,C,q54,100,100,S,1
27,C,q55,100,100,S,1
27,C,q56,100,100,S,1
27,C,q57,100,100,S,1
27,C,q58,100,100,S,1
27,C,q59,100,0,S,1
27,C,q60,65,100,S,1
27,C,q61,35,0,U,1
27,C,q62,10,0,U,1
27,C,q63,10,0,U,1
27,C,q64,35,100,U,1
27,C,q65,35,0,U,1
27,C,q66,10,0,U,1
27,C,q67,45,100,U,1
27,C,q68,45,0,U,1
27,C,q69,20,0,U,1
27,C,q70,10,0,U,1
27,C,q71,0,0,U,1
27,C,q72,50,100,U,1
27,C,q73,5,100,U,1
27,C,q74,30,100,U,1
27,C,q75,10,0,U,1
27,C,q76,15,0,U,1
27,C,q77,15,0,U,1
27,C,q78,10,0,U,1
27,C,q79,10,0,U,1
27,C,q80,10,0,U,1
27,C,q81,75,100,F,2
27,C,q82,100,100,F,2
27,C,q83,75,100,F,2
27,C,q84,50,100,F,2
27,C,q85,60,100,F,2
27,C,q86,10,0,F,2
27,C,q87,100,100,F,2
27,C,q88,65,100,F,2
27,C,q89,75,100,F,2
27,C,q90,85,100,F,2
27,C,q91,85,100,F,2
27,C,q92,100,100,F,2
27,C,q93,100,100,F,2
27,C,q94,100,100,F,2
27,C,q95,20,100,F,2
27,C,q96,100,100,F,2
27,C,q97,50,0,F,2
27,C,q98,100,100,F,2
27,C,q99,100,100,F,2
27,C,q100,100,100,F,2
27,C,q101,75,100,B,2
27,C,q102,100,0,B,2
27,C,q103,100,0,B,2
27,C,q104,35,0,B,2
27,C,q105,45,0,B,2
27,C,q106,70,0,B,2
27,C,q107,80,0,B,2
27,C,q108,100,0,B,2
27,C,q109,100,100,B,2
27,C,q110,40,0,B,2
27,C,q111,50,0,B,2
27,C,q112,50,100,B,2
27,C,q113,75,0,B,2
27,C,q114,40,0,B,2
27,C,q115,50,0,B,2
27,C,q116,10,0,B,2
27,C,q117,100,0,B,2
27,C,q118,90,100,B,2
27,C,q119,100,0,B,2
27,C,q120,100,100,B,2
27,C,q121,100,100,S,2
27,C,q122,100,100,S,2
27,C,q123,100,100,S,2
27,C,q124,100,0,S,2
27,C,q125,85,100,S,2
27,C,q126,60,100,S,2
27,C,q127,80,0,S,2
27,C,q128,100,100,S,2
27,C,q129,75,100,S,2
27,C,q130,100,100,S,2
27,C,q131,75,100,S,2
27,C,q132,100,100,S,2
27,C,q133,75,100,S,2
27,C,q134,25,0,S,2
27,C,q135,45,100,S,2
27,C,q136,100,0,S,2
27,C,q137,20,0,S,2
27,C,q138,100,0,S,2
27,C,q139,50,100,S,2
27,C,q140,45,0,U,2
27,C,q141,30,0,U,2
27,C,q142,25,100,U,2
27,C,q143,30,0,U,2
27,C,q144,100,0,U,2
27,C,q145,10,0,U,2
27,C,q146,35,0,U,2
27,C,q147,50,0,U,2
27,C,q148,45,0,U,2
27,C,q149,65,0,U,2
27,C,q150,20,0,U,2
27,C,q151,24,0,U,2
27,C,q152,100,0,S,2
27,C,q153,10,0,U,2
27,C,q154,30,0,U,2
27,C,q155,10,0,U,2
27,C,q156,45,0,U,2
27,C,q157,10,0,U,2
27,C,q158,30,100,U,2
27,C,q159,35,0,U,2
27,C,q160,20,0,U,2
31,C,q1,65,100,F,1
31,C,q2,50,100,F,1
31,C,q3,78,100,F,1
31,C,q4,2,0,F,1
31,C,q5,25,0,F,1
31,C,q6,99,0,F,1
31,C,q7,15,100,F,1
31,C,q8,100,100,F,1
31,C,q9,92,0,F,1
31,C,q10,45,0,F,1
31,C,q11,0,0,F,1
31,C,q12,75,100,F,1
31,C,q13,100,100,F,1
31,C,q14,45,0,F,1
31,C,q15,95,100,F,1
31,C,q16,90,100,F,1
31,C,q17,90,100,F,1
31,C,q18,68,100,F,1
31,C,q19,90,100,F,1
31,C,q20,80,100,F,1
31,C,q21,15,0,B,1
31,C,q22,83,0,B,1
31,C,q23,60,0,B,1
31,C,q24,100,0,B,1
31,C,q25,25,0,B,1
31,C,q26,15,0,B,1
31,C,q27,15,0,B,1
31,C,q28,50,100,B,1
31,C,q29,100,0,B,1
31,C,q30,0,0,B,1
31,C,q31,99,0,B,1
31,C,q32,60,0,B,1
31,C,q33,67,100,B,1
31,C,q34,25,0,B,1
31,C,q35,35,100,B,1
31,C,q36,35,100,B,1
31,C,q37,90,0,B,1
31,C,q38,56,100,B,1
31,C,q39,100,0,B,1
31,C,q40,10,0,B,1
31,C,q41,89,100,S,1
31,C,q42,10,0,S,1
31,C,q43,60,0,S,1
31,C,q44,80,100,S,1
31,C,q45,98,0,S,1
31,C,q46,45,100,S,1
31,C,q47,100,100,S,1
31,C,q48,98,100,S,1
31,C,q49,100,0,S,1
31,C,q50,55,100,S,1
31,C,q51,100,100,S,1
31,C,q52,55,0,S,1
31,C,q53,99,100,S,1
31,C,q54,95,100,S,1
31,C,q55,100,100,S,1
31,C,q56,100,0,S,1
31,C,q57,90,0,S,1
31,C,q58,100,0,S,1
31,C,q59,54,0,S,1
31,C,q60,100,100,S,1
31,C,q61,0,0,U,1
31,C,q62,3,0,U,1
31,C,q63,0,0,U,1
31,C,q64,0,100,U,1
31,C,q65,0,0,U,1
31,C,q66,0,0,U,1
31,C,q67,0,0,U,1
31,C,q68,0,0,U,1
31,C,q69,1,0,U,1
31,C,q70,1,0,U,1
31,C,q71,0,0,U,1
31,C,q72,20,0,U,1
31,C,q73,0,0,U,1
31,C,q74,0,0,U,1
31,C,q75,0,0,U,1
31,C,q76,15,0,U,1
31,C,q77,0,0,U,1
31,C,q78,0,0,U,1
31,C,q79,0,0,U,1
31,C,q80,0,0,U,1
31,C,q81,20,100,F,2
31,C,q82,60,100,F,2
31,C,q83,100,100,F,2
31,C,q84,100,100,F,2
31,C,q85,95,100,F,2
31,C,q86,80,0,F,2
31,C,q87,80,100,F,2
31,C,q88,86,100,F,2
31,C,q89,100,100,F,2
31,C,q90,99,100,F,2
31,C,q91,20,100,F,2
31,C,q92,52,0,F,2
31,C,q93,100,100,F,2
31,C,q94,0,100,F,2
31,C,q95,99,100,F,2
31,C,q96,56,100,F,2
31,C,q97,92,100,F,2
31,C,q98,100,100,F,2
31,C,q99,0,100,F,2
31,C,q100,78,100,F,2
31,C,q101,98,0,B,2
31,C,q102,60,0,B,2
31,C,q103,67,100,B,2
31,C,q104,89,100,B,2
31,C,q105,0,0,B,2
31,C,q106,70,0,B,2
31,C,q107,89,0,B,2
31,C,q108,100,100,B,2
31,C,q109,90,100,B,2
31,C,q110,50,0,B,2
31,C,q111,45,0,B,2
31,C,q112,78,100,B,2
31,C,q113,91,0,B,2
31,C,q114,90,0,B,2
31,C,q115,35,0,B,2
31,C,q116,12,0,B,2
31,C,q117,60,0,B,2
31,C,q118,100,0,B,2
31,C,q119,99,0,B,2
31,C,q120,99,100,B,2
31,C,q121,100,100,S,2
31,C,q122,99,100,S,2
31,C,q123,100,0,S,2
31,C,q124,100,0,S,2
31,C,q125,100,100,S,2
31,C,q126,45,100,S,2
31,C,q127,25,100,S,2
31,C,q128,99,100,S,2
31,C,q129,56,0,S,2
31,C,q130,99,100,S,2
31,C,q131,100,100,S,2
31,C,q132,100,100,S,2
31,C,q133,89,0,S,2
31,C,q134,0,0,S,2
31,C,q135,90,0,S,2
31,C,q136,100,0,S,2
31,C,q137,56,100,S,2
31,C,q138,100,100,S,2
31,C,q139,100,100,S,2
31,C,q140,55,0,U,2
31,C,q141,0,0,U,2
31,C,q142,15,0,U,2
31,C,q143,0,0,U,2
31,C,q144,0,0,U,2
31,C,q145,0,0,U,2
31,C,q146,0,0,U,2
31,C,q147,0,0,U,2
31,C,q148,0,0,U,2
31,C,q149,90,0,U,2
31,C,q150,0,0,U,2
31,C,q151,0,0,U,2
31,C,q152,100,0,S,2
31,C,q153,0,0,U,2
31,C,q154,0,0,U,2
31,C,q155,0,0,U,2
31,C,q156,11,0,U,2
31,C,q157,0,0,U,2
31,C,q158,0,100,U,2
31,C,q159,70,0,U,2
31,C,q160,0,0,U,2
4,D,q1,75,0,F,1
4,D,q2,100,100,F,1
4,D,q3,100,0,F,1
4,D,q4,100,100,F,1
4,D,q5,100,100,F,1
4,D,q6,100,100,F,1
4,D,q7,100,0,F,1
4,D,q8,100,0,F,1
4,D,q9,100,100,F,1
4,D,q10,100,100,F,1
4,D,q11,100,100,F,1
4,D,q12,100,0,F,1
4,D,q13,100,100,F,1
4,D,q14,100,100,F,1
4,D,q15,1,100,F,1
4,D,q16,100,0,F,1
4,D,q17,100,0,F,1
4,D,q18,100,0,F,1
4,D,q19,100,100,F,1
4,D,q20,100,0,F,1
4,D,q21,100,0,B,1
4,D,q22,75,0,B,1
4,D,q23,100,100,B,1
4,D,q24,100,0,B,1
4,D,q25,100,0,B,1
4,D,q26,100,0,B,1
4,D,q27,100,100,B,1
4,D,q28,100,0,B,1
4,D,q29,100,0,B,1
4,D,q30,75,100,B,1
4,D,q31,100,0,B,1
4,D,q32,50,0,B,1
4,D,q33,100,0,B,1
4,D,q34,0,0,B,1
4,D,q35,100,0,B,1
4,D,q36,100,0,B,1
4,D,q37,100,0,B,1
4,D,q38,100,0,B,1
4,D,q39,100,0,B,1
4,D,q40,100,0,B,1
4,D,q41,100,100,S,1
4,D,q42,100,0,S,1
4,D,q43,100,100,S,1
4,D,q44,100,0,S,1
4,D,q45,7,100,S,1
4,D,q46,100,100,S,1
4,D,q47,100,0,S,1
4,D,q48,100,100,S,1
4,D,q49,100,0,S,1
4,D,q50,90,100,S,1
4,D,q51,100,0,S,1
4,D,q52,100,0,S,1
4,D,q53,100,0,S,1
4,D,q54,100,100,S,1
4,D,q55,100,0,S,1
4,D,q56,100,100,S,1
4,D,q57,100,0,S,1
4,D,q58,100,0,S,1
4,D,q59,100,100,S,1
4,D,q60,80,0,U,1
4,D,q61,100,100,U,1
4,D,q62,0,0,U,1
4,D,q63,0,0,U,1
4,D,q64,0,0,U,1
4,D,q65,20,0,U,1
4,D,q66,75,0,U,1
4,D,q67,0,0,U,1
4,D,q68,0,0,U,1
4,D,q69,0,0,U,1
4,D,q70,25,100,U,1
4,D,q71,75,0,U,1
4,D,q72,100,0,S,1
4,D,q73,0,0,U,1
4,D,q74,100,0,U,1
4,D,q75,100,0,U,1
4,D,q76,100,0,U,1
4,D,q77,0,0,U,1
4,D,q78,0,100,U,1
4,D,q79,0,0,U,1
4,D,q80,60,0,U,1
4,D,q81,100,0,F,2
4,D,q82,100,100,F,2
4,D,q83,100,100,F,2
4,D,q84,100,0,F,2
4,D,q85,100,0,F,2
4,D,q86,100,0,F,2
4,D,q87,100,0,F,2
4,D,q88,100,0,F,2
4,D,q89,100,0,F,2
4,D,q90,100,0,F,2
4,D,q91,100,0,F,2
4,D,q92,50,100,F,2
4,D,q93,100,100,F,2
4,D,q94,100,0,F,2
4,D,q95,100,100,F,2
4,D,q96,100,100,F,2
4,D,q97,100,0,F,2
4,D,q98,100,100,F,2
4,D,q99,100,100,F,2
4,D,q100,100,100,F,2
4,D,q101,100,0,B,2
4,D,q102,100,0,B,2
4,D,q103,100,100,B,2
4,D,q104,100,0,B,2
4,D,q105,100,0,B,2
4,D,q106,45,0,B,2
4,D,q107,100,0,B,2
4,D,q108,100,0,B,2
4,D,q109,100,0,B,2
4,D,q110,45,0,B,2
4,D,q111,100,0,B,2
4,D,q112,100,0,B,2
4,D,q113,100,0,B,2
4,D,q114,100,100,B,2
4,D,q115,100,100,B,2
4,D,q116,100,100,B,2
4,D,q117,100,0,B,2
4,D,q118,100,0,B,2
4,D,q119,100,0,B,2
4,D,q120,0,0,B,2
4,D,q121,0,100,S,2
4,D,q122,100,100,S,2
4,D,q123,100,0,S,2
4,D,q124,100,0,S,2
4,D,q125,100,0,S,2
4,D,q126,100,0,S,2
4,D,q127,100,0,S,2
4,D,q128,100,100,S,2
4,D,q129,100,0,S,2
4,D,q130,100,0,S,2
4,D,q131,100,100,S,2
4,D,q132,100,0,S,2
4,D,q133,100,0,S,2
4,D,q134,18,100,S,2
4,D,q135,100,0,S,2
4,D,q136,100,0,S,2
4,D,q137,100,100,S,2
4,D,q138,100,0,S,2
4,D,q139,90,100,S,2
4,D,q140,100,0,S,2
4,D,q141,50,0,U,2
4,D,q142,0,0,U,2
4,D,q143,45,0,U,2
4,D,q144,10,0,U,2
4,D,q145,20,0,U,2
4,D,q146,0,0,U,2
4,D,q147,0,0,U,2
4,D,q148,45,0,U,2
4,D,q149,50,0,U,2
4,D,q150,45,0,U,2
4,D,q151,0,0,U,2
4,D,q152,10,0,U,2
4,D,q153,0,0,U,2
4,D,q154,75,0,U,2
4,D,q155,45,0,U,2
4,D,q156,0,0,U,2
4,D,q157,0,0,U,2
4,D,q158,75,0,U,2
4,D,q159,0,0,U,2
4,D,q160,50,0,U,2
8,D,q1,7,0,F,1
8,D,q2,70,0,F,1
8,D,q3,30,0,F,1
8,D,q4,70,100,F,1
8,D,q5,40,0,F,1
8,D,q6,20,0,F,1
8,D,q7,8,0,F,1
8,D,q8,60,100,F,1
8,D,q9,70,100,F,1
8,D,q10,60,0,F,1
8,D,q11,70,100,F,1
8,D,q12,40,0,F,1
8,D,q13,80,100,F,1
8,D,q14,60,100,F,1
8,D,q15,20,100,F,1
8,D,q16,60,0,F,1
8,D,q17,50,100,F,1
8,D,q18,70,100,F,1
8,D,q19,0,100,F,1
8,D,q20,40,100,F,1
8,D,q21,50,100,B,1
8,D,q22,50,0,B,1
8,D,q23,70,100,B,1
8,D,q24,60,0,B,1
8,D,q25,50,0,B,1
8,D,q26,60,0,B,1
8,D,q27,70,0,B,1
8,D,q28,80,0,B,1
8,D,q29,60,0,B,1
8,D,q30,50,0,B,1
8,D,q31,50,100,B,1
8,D,q32,40,100,B,1
8,D,q33,50,0,B,1
8,D,q34,50,0,B,1
8,D,q35,30,0,B,1
8,D,q36,50,0,B,1
8,D,q37,70,0,B,1
8,D,q38,50,0,B,1
8,D,q39,70,0,B,1
8,D,q40,70,100,B,1
8,D,q41,70,0,S,1
8,D,q42,80,100,S,1
8,D,q43,80,100,S,1
8,D,q44,70,100,S,1
8,D,q45,50,100,S,1
8,D,q46,70,0,S,1
8,D,q47,60,100,S,1
8,D,q48,60,0,S,1
8,D,q49,60,0,S,1
8,D,q50,70,100,S,1
8,D,q51,60,100,S,1
8,D,q52,50,100,S,1
8,D,q53,70,0,S,1
8,D,q54,60,0,S,1
8,D,q55,70,0,S,1
8,D,q56,30,100,S,1
8,D,q57,60,0,S,1
8,D,q58,50,0,S,1
8,D,q59,70,100,S,1
8,D,q60,60,0,U,1
8,D,q61,60,0,U,1
8,D,q62,40,0,U,1
8,D,q63,60,0,U,1
8,D,q64,50,0,U,1
8,D,q65,50,0,U,1
8,D,q66,70,0,U,1
8,D,q67,80,0,U,1
8,D,q68,60,0,U,1
8,D,q69,40,0,U,1
8,D,q70,40,0,U,1
8,D,q71,40,0,U,1
8,D,q72,70,0,S,1
8,D,q73,50,0,U,1
8,D,q74,40,0,U,1
8,D,q75,70,0,U,1
8,D,q76,50,0,U,1
8,D,q77,40,0,U,1
8,D,q78,80,0,U,1
8,D,q79,30,0,U,1
8,D,q80,40,0,U,1
8,D,q81,60,0,F,2
8,D,q82,60,0,F,2
8,D,q83,60,100,F,2
8,D,q84,40,0,F,2
8,D,q85,70,100,F,2
8,D,q86,5,0,F,2
8,D,q87,44,0,F,2
8,D,q88,70,100,F,2
8,D,q89,60,0,F,2
8,D,q90,60,0,F,2
8,D,q91,20,0,F,2
8,D,q92,60,0,F,2
8,D,q93,40,100,F,2
8,D,q94,30,0,F,2
8,D,q95,60,0,F,2
8,D,q96,60,100,F,2
8,D,q97,60,0,F,2
8,D,q98,67,100,F,2
8,D,q99,0,100,F,2
8,D,q100,73,0,F,2
8,D,q101,50,0,B,2
8,D,q102,50,100,B,2
8,D,q103,50,0,B,2
8,D,q104,40,0,B,2
8,D,q105,40,0,B,2
8,D,q106,40,0,B,2
8,D,q107,60,0,B,2
8,D,q108,33,0,B,2
8,D,q109,100,0,B,2
8,D,q110,40,0,B,2
8,D,q111,5,0,B,2
8,D,q112,50,0,B,2
8,D,q113,40,0,B,2
8,D,q114,60,100,B,2
8,D,q115,70,0,B,2
8,D,q116,6,100,B,2
8,D,q117,50,0,B,2
8,D,q118,40,0,B,2
8,D,q119,40,0,B,2
8,D,q120,10,0,B,2
8,D,q121,60,100,S,2
8,D,q122,44,0,S,2
8,D,q123,30,0,S,2
8,D,q124,60,0,S,2
8,D,q125,30,0,S,2
8,D,q126,34,0,S,2
8,D,q127,60,0,S,2
8,D,q128,60,100,S,2
8,D,q129,40,100,S,2
8,D,q130,30,100,S,2
8,D,q131,70,100,S,2
8,D,q132,60,0,S,2
8,D,q133,50,0,S,2
8,D,q134,60,100,S,2
8,D,q135,55,100,S,2
8,D,q136,0,0,S,2
8,D,q137,50,0,S,2
8,D,q138,7,100,S,2
8,D,q139,90,100,S,2
8,D,q140,30,100,S,2
8,D,q141,70,0,U,2
8,D,q142,70,0,U,2
8,D,q143,20,0,U,2
8,D,q144,40,100,U,2
8,D,q145,1,0,U,2
8,D,q146,70,0,U,2
8,D,q147,50,0,U,2
8,D,q148,40,0,U,2
8,D,q149,20,0,U,2
8,D,q150,50,0,U,2
8,D,q151,70,0,U,2
8,D,q152,50,0,U,2
8,D,q153,50,0,U,2
8,D,q154,30,0,U,2
8,D,q155,60,0,U,2
8,D,q156,60,0,U,2
8,D,q157,40,0,U,2
8,D,q158,20,0,U,2
8,D,q159,50,0,U,2
8,D,q160,70,0,U,2
16,D,q1,34,0,F,1
16,D,q2,78,100,F,1
16,D,q3,11,100,F,1
16,D,q4,32,100,F,1
16,D,q5,78,100,F,1
16,D,q6,67,0,F,1
16,D,q7,57,0,F,1
16,D,q8,67,100,F,1
16,D,q9,14,100,F,1
16,D,q10,77,0,F,1
16,D,q11,33,0,F,1
16,D,q12,78,100,F,1
16,D,q13,87,100,F,1
16,D,q14,78,0,F,1
16,D,q15,76,100,F,1
16,D,q16,65,100,F,1
16,D,q17,67,100,F,1
16,D,q18,77,100,F,1
16,D,q19,90,100,F,1
16,D,q20,11,0,F,1
16,D,q21,55,0,B,1
16,D,q22,23,0,B,1
16,D,q23,25,100,B,1
16,D,q24,0,0,B,1
16,D,q25,5,0,B,1
16,D,q26,66,0,B,1
16,D,q27,24,0,B,1
16,D,q28,68,0,B,1
16,D,q29,79,0,B,1
16,D,q30,97,0,B,1
16,D,q31,32,100,B,1
16,D,q32,22,0,B,1
16,D,q33,43,0,B,1
16,D,q34,1,0,B,1
16,D,q35,3,0,B,1
16,D,q36,12,0,B,1
16,D,q37,2,0,B,1
16,D,q38,15,0,B,1
16,D,q39,45,100,B,1
16,D,q40,78,0,B,1
16,D,q41,45,100,S,1
16,D,q42,45,0,S,1
16,D,q43,76,100,S,1
16,D,q44,23,100,S,1
16,D,q45,23,0,S,1
16,D,q46,10,0,S,1
16,D,q47,98,100,S,1
16,D,q48,90,100,S,1
16,D,q49,78,100,S,1
16,D,q50,88,0,S,1
16,D,q51,60,0,S,1
16,D,q52,78,100,S,1
16,D,q53,87,100,S,1
16,D,q54,25,100,S,1
16,D,q55,56,100,S,1
16,D,q56,67,100,S,1
16,D,q57,13,0,S,1
16,D,q58,100,100,S,1
16,D,q59,54,100,S,1
16,D,q60,13,0,U,1
16,D,q61,14,0,U,1
16,D,q62,22,0,U,1
16,D,q63,12,0,U,1
16,D,q64,34,0,U,1
16,D,q65,12,0,U,1
16,D,q66,43,0,U,1
16,D,q67,23,0,U,1
16,D,q68,98,0,U,1
16,D,q69,56,0,U,1
16,D,q70,13,0,U,1
16,D,q71,11,0,U,1
16,D,q72,67,100,S,1
16,D,q73,56,100,U,1
16,D,q74,41,0,U,1
16,D,q75,32,0,U,1
16,D,q76,67,0,U,1
16,D,q77,21,0,U,1
16,D,q78,12,0,U,1
16,D,q79,11,100,U,1
16,D,q80,7,0,U,1
16,D,q81,67,100,F,2
16,D,q82,78,100,F,2
16,D,q83,56,100,F,2
16,D,q84,12,0,F,2
16,D,q85,87,100,F,2
16,D,q86,89,100,F,2
16,D,q87,34,0,F,2
16,D,q88,76,100,F,2
16,D,q89,67,100,F,2
16,D,q90,98,0,F,2
16,D,q91,99,100,F,2
16,D,q92,87,100,F,2
16,D,q93,65,100,F,2
16,D,q94,43,100,F,2
16,D,q95,78,0,F,2
16,D,q96,87,100,F,2
16,D,q97,54,0,F,2
16,D,q98,97,100,F,2
16,D,q99,100,0,F,2
16,D,q100,54,100,F,2
16,D,q101,34,0,B,2
16,D,q102,67,0,B,2
16,D,q103,64,0,B,2
16,D,q104,76,0,B,2
16,D,q105,98,100,B,2
16,D,q106,54,0,B,2
16,D,q107,87,100,B,2
16,D,q108,54,0,B,2
16,D,q109,87,100,B,2
16,D,q110,50,0,B,2
16,D,q111,45,0,B,2
16,D,q112,8,100,B,2
16,D,q113,45,0,B,2
16,D,q114,32,100,B,2
16,D,q115,89,0,B,2
16,D,q116,68,100,B,2
16,D,q117,80,100,B,2
16,D,q118,22,0,B,2
16,D,q119,95,0,B,2
16,D,q120,98,0,B,2
16,D,q121,56,100,S,2
16,D,q122,78,0,S,2
16,D,q123,45,0,S,2
16,D,q124,34,0,S,2
16,D,q125,34,0,S,2
16,D,q126,56,0,S,2
16,D,q127,89,100,S,2
16,D,q128,56,100,S,2
16,D,q129,89,100,S,2
16,D,q130,79,100,S,2
16,D,q131,90,100,S,2
16,D,q132,97,100,S,2
16,D,q133,98,100,S,2
16,D,q134,65,100,S,2
16,D,q135,89,100,S,2
16,D,q136,89,100,S,2
16,D,q137,43,0,S,2
16,D,q138,90,100,S,2
16,D,q139,5,100,S,2
16,D,q140,54,100,S,2
16,D,q141,21,0,U,2
16,D,q142,12,0,U,2
16,D,q143,12,0,U,2
16,D,q144,32,0,U,2
16,D,q145,67,0,U,2
16,D,q146,56,0,U,2
16,D,q147,34,0,U,2
16,D,q148,32,0,U,2
16,D,q149,34,0,U,2
16,D,q150,54,0,U,2
16,D,q151,76,0,U,2
16,D,q152,64,0,U,2
16,D,q153,34,0,U,2
16,D,q154,79,0,U,2
16,D,q155,23,0,U,2
16,D,q156,22,0,U,2
16,D,q157,23,0,U,2
16,D,q158,65,0,U,2
16,D,q159,12,0,U,2
16,D,q160,12,0,U,2
20,D,q1,94,100,F,1
20,D,q2,97,100,F,1
20,D,q3,0,100,F,1
20,D,q4,87,0,F,1
20,D,q5,96,100,F,1
20,D,q6,34,0,F,1
20,D,q7,100,100,F,1
20,D,q8,100,100,F,1
20,D,q9,98,100,F,1
20,D,q10,93,100,F,1
20,D,q11,100,100,F,1
20,D,q12,100,100,F,1
20,D,q13,100,100,F,1
20,D,q14,90,100,F,1
20,D,q15,89,100,F,1
20,D,q16,95,100,F,1
20,D,q17,100,100,F,1
20,D,q18,100,100,F,1
20,D,q19,100,100,F,1
20,D,q20,100,100,F,1
20,D,q21,84,100,B,1
20,D,q22,96,0,B,1
20,D,q23,100,0,B,1
20,D,q24,91,100,B,1
20,D,q25,15,0,B,1
20,D,q26,78,0,B,1
20,D,q27,95,100,B,1
20,D,q28,100,0,B,1
20,D,q29,89,0,B,1
20,D,q30,94,0,B,1
20,D,q31,100,0,B,1
20,D,q32,97,0,B,1
20,D,q33,90,0,B,1
20,D,q34,23,100,B,1
20,D,q35,89,0,B,1
20,D,q36,92,0,B,1
20,D,q37,98,100,B,1
20,D,q38,96,0,B,1
20,D,q39,34,100,B,1
20,D,q40,100,100,B,1
20,D,q41,100,100,S,1
20,D,q42,100,100,S,1
20,D,q43,100,100,S,1
20,D,q44,94,0,S,1
20,D,q45,100,100,S,1
20,D,q46,100,100,S,1
20,D,q47,100,100,S,1
20,D,q48,100,0,S,1
20,D,q49,100,100,S,1
20,D,q50,90,100,S,1
20,D,q51,98,0,S,1
20,D,q52,100,0,S,1
20,D,q53,95,100,S,1
20,D,q54,24,0,S,1
20,D,q55,65,0,S,1
20,D,q56,34,100,S,1
20,D,q57,34,100,S,1
20,D,q58,100,100,S,1
20,D,q59,93,100,S,1
20,D,q60,72,0,U,1
20,D,q61,87,0,U,1
20,D,q62,75,0,U,1
20,D,q63,15,0,U,1
20,D,q64,20,0,U,1
20,D,q65,45,0,U,1
20,D,q66,30,0,U,1
20,D,q67,18,0,U,1
20,D,q68,45,0,U,1
20,D,q69,65,0,U,1
20,D,q70,4,0,U,1
20,D,q71,20,0,U,1
20,D,q72,26,100,S,1
20,D,q73,45,0,U,1
20,D,q74,23,0,U,1
20,D,q75,23,0,U,1
20,D,q76,96,100,U,1
20,D,q77,11,0,U,1
20,D,q78,18,100,U,1
20,D,q79,34,0,U,1
20,D,q80,23,0,U,1
20,D,q81,100,100,F,2
20,D,q82,92,100,F,2
20,D,q83,100,100,F,2
20,D,q84,100,100,F,2
20,D,q85,100,0,F,2
20,D,q86,100,0,F,2
20,D,q87,24,100,F,2
20,D,q88,100,0,F,2
20,D,q89,100,100,F,2
20,D,q90,100,0,F,2
20,D,q91,89,100,F,2
20,D,q92,100,100,F,2
20,D,q93,94,100,F,2
20,D,q94,78,100,F,2
20,D,q95,100,100,F,2
20,D,q96,90,100,F,2
20,D,q97,100,100,F,2
20,D,q98,90,100,F,2
20,D,q99,100,100,F,2
20,D,q100,100,0,F,2
20,D,q101,78,100,B,2
20,D,q102,100,100,B,2
20,D,q103,100,0,B,2
20,D,q104,98,100,B,2
20,D,q105,89,0,B,2
20,D,q106,100,0,B,2
20,D,q107,100,100,B,2
20,D,q108,90,0,B,2
20,D,q109,89,100,B,2
20,D,q110,45,100,B,2
20,D,q111,100,0,B,2
20,D,q112,0,0,B,2
20,D,q113,100,100,B,2
20,D,q114,100,100,B,2
20,D,q115,100,100,B,2
20,D,q116,34,0,B,2
20,D,q117,0,0,B,2
20,D,q118,39,0,B,2
20,D,q119,56,0,B,2
20,D,q120,87,0,B,2
20,D,q121,100,0,S,2
20,D,q122,97,0,S,2
20,D,q123,76,100,S,2
20,D,q124,89,0,S,2
20,D,q125,87,0,S,2
20,D,q126,100,100,S,2
20,D,q127,98,100,S,2
20,D,q128,100,100,S,2
20,D,q129,26,100,S,2
20,D,q130,100,100,S,2
20,D,q131,100,0,S,2
20,D,q132,89,0,S,2
20,D,q133,23,100,S,2
20,D,q134,18,0,S,2
20,D,q135,96,100,S,2
20,D,q136,100,100,S,2
20,D,q137,97,100,S,2
20,D,q138,100,0,S,2
20,D,q139,93,100,S,2
20,D,q140,100,100,S,2
20,D,q141,24,0,U,2
20,D,q142,24,0,U,2
20,D,q143,56,100,U,2
20,D,q144,56,100,U,2
20,D,q145,96,100,U,2
20,D,q146,45,100,U,2
20,D,q147,45,100,U,2
20,D,q148,90,100,U,2
20,D,q149,95,100,U,2
20,D,q150,35,100,U,2
20,D,q151,45,100,U,2
20,D,q152,98,100,U,2
20,D,q153,34,100,U,2
20,D,q154,45,100,U,2
20,D,q155,25,100,U,2
20,D,q156,24,100,U,2
20,D,q157,27,100,U,2
20,D,q158,26,100,U,2
20,D,q159,34,100,U,2
20,D,q160,54,100,U,2
24,D,q1,75,100,F,1
24,D,q2,50,100,F,1
24,D,q3,75,0,F,1
24,D,q4,50,100,F,1
24,D,q5,50,100,F,1
24,D,q6,50,100,F,1
24,D,q7,50,0,F,1
24,D,q8,50,100,F,1
24,D,q9,75,100,F,1
24,D,q10,75,100,F,1
24,D,q11,50,100,F,1
24,D,q12,50,100,F,1
24,D,q13,50,100,F,1
24,D,q14,75,0,F,1
24,D,q15,50,100,F,1
24,D,q16,50,100,F,1
24,D,q17,75,100,F,1
24,D,q18,50,0,F,1
24,D,q19,75,100,F,1
24,D,q20,75,100,F,1
24,D,q21,25,0,B,1
24,D,q22,75,100,B,1
24,D,q23,50,0,B,1
24,D,q24,50,100,B,1
24,D,q25,50,0,B,1
24,D,q26,75,100,B,1
24,D,q27,25,0,B,1
24,D,q28,50,0,B,1
24,D,q29,50,100,B,1
24,D,q30,50,0,B,1
24,D,q31,75,0,B,1
24,D,q32,75,100,B,1
24,D,q33,75,0,B,1
24,D,q34,50,0,B,1
24,D,q35,75,100,B,1
24,D,q36,50,100,B,1
24,D,q37,50,0,B,1
24,D,q38,50,0,B,1
24,D,q39,50,0,B,1
24,D,q40,75,100,B,1
24,D,q41,75,100,S,1
24,D,q42,75,100,S,1
24,D,q43,75,100,S,1
24,D,q44,75,100,S,1
24,D,q45,50,100,S,1
24,D,q46,50,100,S,1
24,D,q47,76,100,S,1
24,D,q48,75,0,S,1
24,D,q49,50,100,S,1
24,D,q50,75,100,S,1
24,D,q51,50,100,S,1
24,D,q52,75,100,S,1
24,D,q53,50,0,S,1
24,D,q54,50,100,S,1
24,D,q55,50,100,S,1
24,D,q56,75,100,S,1
24,D,q57,25,0,S,1
24,D,q58,75,100,S,1
24,D,q59,75,100,S,1
24,D,q60,25,0,U,1
24,D,q61,25,0,U,1
24,D,q62,25,0,U,1
24,D,q63,25,0,U,1
24,D,q64,25,100,U,1
24,D,q65,25,0,U,1
24,D,q66,25,100,U,1
24,D,q67,25,0,U,1
24,D,q68,25,0,U,1
24,D,q69,50,0,U,1
24,D,q70,0,0,U,1
24,D,q71,25,0,U,1
24,D,q72,75,0,S,1
24,D,q73,25,0,U,1
24,D,q74,25,100,U,1
24,D,q75,25,0,U,1
24,D,q76,25,0,U,1
24,D,q77,25,0,U,1
24,D,q78,50,100,U,1
24,D,q79,25,0,U,1
24,D,q80,25,0,U,1
24,D,q81,50,0,F,2
24,D,q82,50,100,F,2
24,D,q83,50,100,F,2
24,D,q84,25,100,F,2
24,D,q85,50,100,F,2
24,D,q86,50,0,F,2
24,D,q87,50,0,F,2
24,D,q88,50,100,F,2
24,D,q89,50,0,F,2
24,D,q90,75,0,F,2
24,D,q91,25,100,F,2
24,D,q92,75,100,F,2
24,D,q93,75,0,F,2
24,D,q94,75,100,F,2
24,D,q95,50,100,F,2
24,D,q96,75,100,F,2
24,D,q97,50,100,F,2
24,D,q98,50,100,F,2
24,D,q99,75,100,F,2
24,D,q100,50,100,F,2
24,D,q101,50,100,B,2
24,D,q102,75,100,B,2
24,D,q103,50,100,B,2
24,D,q104,75,0,B,2
24,D,q105,50,0,B,2
24,D,q106,25,0,B,2
24,D,q107,50,0,B,2
24,D,q108,50,0,B,2
24,D,q109,75,100,B,2
24,D,q110,50,100,B,2
24,D,q111,75,0,B,2
24,D,q112,50,0,B,2
24,D,q113,75,100,B,2
24,D,q114,50,100,B,2
24,D,q115,75,100,B,2
24,D,q116,75,100,B,2
24,D,q117,75,100,B,2
24,D,q118,75,0,B,2
24,D,q119,50,100,B,2
24,D,q120,50,100,B,2
24,D,q121,75,100,S,2
24,D,q122,50,100,S,2
24,D,q123,50,100,S,2
24,D,q124,50,0,S,2
24,D,q125,50,100,S,2
24,D,q126,50,0,S,2
24,D,q127,50,0,S,2
24,D,q128,50,100,S,2
24,D,q129,50,0,S,2
24,D,q130,50,100,S,2
24,D,q131,75,100,S,2
24,D,q132,75,100,S,2
24,D,q133,75,100,S,2
24,D,q134,50,100,S,2
24,D,q135,50,0,S,2
24,D,q136,50,0,S,2
24,D,q137,50,100,S,2
24,D,q138,50,100,S,2
24,D,q139,50,100,S,2
24,D,q140,75,100,S,2
24,D,q141,25,0,U,2
24,D,q142,25,0,U,2
24,D,q143,25,0,U,2
24,D,q144,25,0,U,2
24,D,q145,25,0,U,2
24,D,q146,25,0,U,2
24,D,q147,50,100,U,2
24,D,q148,25,0,U,2
24,D,q149,25,100,U,2
24,D,q150,25,0,U,2
24,D,q151,25,0,U,2
24,D,q152,25,0,U,2
24,D,q153,50,0,U,2
24,D,q154,25,100,U,2
24,D,q155,25,0,U,2
24,D,q156,25,100,U,2
24,D,q157,25,0,U,2
24,D,q158,25,0,U,2
24,D,q159,25,0,U,2
24,D,q160,25,100,U,2
